idea_id,benefit_type,baseline_value,target_value,actual_value,unit,evidence_flag,validated_flag,measurement_date
IQ-00004,productivity,,32.7,24.4,hours,0,0,2026-01-26 17:56:02.550031
IQ-00014,productivity,,126.8,143.5,hours,0,0,2021-09-21 10:36:58.520113
IQ-00022,productivity,,9.5,4.8,hours,0,0,2025-07-31 16:54:44.463445
IQ-00051,productivity,,13.1,8.0,hours,0,0,2023-07-26 04:12:08.079479
IQ-00052,productivity,,176.0,136.9,hours,0,0,2024-03-24 09:42:06.733473
IQ-00062,productivity,,14.7,15.6,hours,0,0,2022-10-08 07:54:41.818042
IQ-00067,productivity,,300.1,268.2,hours,0,0,2021-04-19 12:59:45.087380
IQ-00079,productivity,,319.3,357.3,hours,0,0,2020-07-16 17:35:29.516932
IQ-00083,productivity,,133.2,129.8,hours,0,1,2022-11-21 08:18:38.301973
IQ-00089,productivity,,21.8,21.5,hours,1,0,2020-09-26 21:55:25.975098
IQ-00090,productivity,,53.7,54.0,hours,1,0,2020-09-11 10:26:26.551509
IQ-00091,productivity,,58.0,77.5,hours,0,0,2025-11-18 23:24:09.221786
IQ-00092,productivity,,,,hours,0,0,2026-03-14 10:51:00.966633
IQ-00097,productivity,,71.9,73.0,hours,0,0,2024-09-08 14:43:29.272132
IQ-00100,productivity,,102.0,97.9,hours,0,0,2023-11-10 11:48:39.723050
IQ-00101,productivity,,565.9,348.4,hours,0,0,2026-03-24 02:51:20.855059
IQ-00115,productivity,,23.9,10.8,hours,1,1,2022-05-24 22:27:08.776138
IQ-00128,productivity,,103.3,106.8,hours,0,0,2023-01-19 21:04:12.768695
IQ-00134,productivity,,97.4,79.3,hours,1,1,2019-05-17 06:08:04.705337
IQ-00144,productivity,,110.2,37.2,hours,1,0,2025-10-17 19:52:34.907407
IQ-00148,productivity,,50.9,25.8,hours,0,0,2024-08-22 04:27:30.104720
IQ-00149,productivity,,49.2,37.1,hours,0,0,2020-06-28 14:58:03.375179
IQ-00150,productivity,,43.3,38.1,hours,0,0,2024-02-04 06:52:54.377045
IQ-00153,productivity,,31.1,31.1,hours,0,0,2024-10-14 21:51:45.577980
IQ-00164,productivity,,22.1,19.1,hours,0,1,2023-07-10 02:26:34.572364
IQ-00166,productivity,,760.7,595.3,hours,0,0,2023-10-07 20:50:49.968140
IQ-00174,productivity,,315.9,370.2,hours,0,0,2025-09-15 22:46:44.035460
IQ-00184,productivity,,8673.0,7182.1,hours,1,0,2024-05-03 17:21:20.102161
IQ-00188,productivity,,,,hours,1,0,2023-04-25 02:09:46.985316
IQ-00209,productivity,,325.3,181.5,hours,0,0,2020-06-21 06:48:19.591345
IQ-00213,productivity,,136.2,66.5,hours,1,0,2024-02-03 15:21:19.374691
IQ-00214,productivity,,114.5,93.5,hours,0,0,2020-05-17 20:21:58.924695
IQ-00226,productivity,,78.8,24.8,hours,1,0,2023-08-03 10:17:35.535998
IQ-00260,productivity,,24.3,5.8,hours,0,0,2021-01-01 13:23:11.892136
IQ-00263,productivity,,99.8,108.7,hours,1,0,2026-01-06 05:10:52.184594
IQ-00268,productivity,,152.2,119.1,hours,0,0,2024-04-19 00:34:03.986257
IQ-00270,productivity,,73.9,55.7,hours,0,0,2022-05-05 18:16:08.708540
IQ-00281,productivity,,116.3,142.0,hours,0,0,2025-08-26 20:03:03.753303
IQ-00300,productivity,,118.4,118.8,hours,0,0,2026-01-08 12:00:42.163140
IQ-00302,productivity,,80.8,59.0,hours,0,0,2026-05-11 19:10:22.213942
IQ-00320,productivity,,85.0,73.8,hours,1,0,2021-11-26 15:05:51.707889
IQ-00329,productivity,,79.2,52.6,hours,0,0,2026-05-22 02:14:05.460772
IQ-00332,productivity,,447.7,294.3,hours,0,0,2023-04-09 05:58:18.865413
IQ-00339,productivity,,120.0,97.4,hours,1,0,2025-09-02 09:26:45.744705
IQ-00350,productivity,,88.6,78.5,hours,0,0,2022-10-17 09:50:05.990119
IQ-00351,productivity,,48.9,40.2,hours,0,0,2025-11-24 08:42:06.569383
IQ-00358,productivity,,16.6,13.9,hours,1,0,2025-01-12 20:03:36.475021
IQ-00366,productivity,,137.8,115.1,hours,0,0,2021-06-11 10:11:03.453992
IQ-00369,productivity,,401.6,535.7,hours,0,0,2024-02-20 21:41:23.133148
IQ-00372,productivity,,44.7,46.2,hours,0,0,2023-01-09 03:32:45.915911
IQ-00377,productivity,,455.7,279.1,hours,0,0,2024-07-23 22:05:43.416243
IQ-00378,productivity,,485.0,486.3,hours,1,0,2022-04-23 05:53:49.397638
IQ-00388,productivity,,30.6,17.5,hours,0,0,2023-06-22 01:16:26.628857
IQ-00391,productivity,,207.8,225.6,hours,1,0,2025-07-22 03:16:18.315918
IQ-00397,productivity,,37.9,33.9,hours,0,0,2024-10-03 21:08:00.178557
IQ-00411,productivity,,259.2,219.8,hours,0,0,2026-04-23 19:30:17.337486
IQ-00416,productivity,,54.4,42.2,hours,1,0,2025-02-07 04:30:53.902218
IQ-00420,productivity,,39.9,45.9,hours,1,0,2025-03-17 12:53:02.498635
IQ-00428,productivity,,31.9,19.7,hours,0,0,2025-11-23 00:00:07.959709
IQ-00433,productivity,,15.1,13.7,hours,1,0,2024-04-02 10:31:42.048154
IQ-00434,productivity,,337.2,336.3,hours,0,1,2026-04-29 23:20:00.929476
IQ-00457,productivity,,67.8,39.8,hours,0,0,2025-11-11 02:13:15.216264
IQ-00458,productivity,,48.0,45.6,hours,1,0,2023-06-30 07:45:51.872565
IQ-00467,productivity,,60.5,68.5,hours,1,0,2021-05-03 06:33:41.761094
IQ-00473,productivity,,499.3,310.3,hours,0,0,2019-09-21 00:17:06.368095
IQ-00482,productivity,,56.5,67.7,hours,1,0,2025-10-01 07:52:42.642483
IQ-00484,productivity,,248.1,144.8,hours,0,0,2026-06-02 19:33:33.204620
IQ-00496,productivity,,7.7,6.9,hours,1,0,2026-03-17 12:35:08.938411
IQ-00498,productivity,,316.0,309.1,hours,0,0,2022-06-26 02:04:12.862240
IQ-00511,productivity,,10.0,10.2,hours,0,0,2023-05-13 01:24:55.915816
IQ-00515,productivity,,187.5,161.1,hours,1,0,2022-04-02 14:44:23.049475
IQ-00518,productivity,,29.0,29.2,hours,0,0,2025-01-08 04:03:42.881421
IQ-00524,productivity,,47.6,48.6,hours,0,0,2023-06-29 12:08:25.196955
IQ-00527,productivity,,34.9,27.3,hours,1,0,2023-05-23 19:36:32.092754
IQ-00530,productivity,,177.3,194.2,hours,0,0,2026-06-06 22:07:35.950376
IQ-00534,productivity,,26.5,8.3,hours,0,0,2026-05-11 15:35:00.715833
IQ-00544,productivity,,135.2,138.3,hours,0,0,2019-04-25 23:25:11.725723
IQ-00546,productivity,,148.9,124.8,hours,0,0,2026-06-08 00:56:36.017641
IQ-00558,productivity,,186.2,118.0,hours,0,0,2023-09-01 12:14:21.228949
IQ-00562,productivity,,480.7,401.6,hours,0,0,2024-08-07 11:16:12.902596
IQ-00567,productivity,,636.3,469.2,hours,1,0,2025-10-20 03:00:03.272766
IQ-00576,productivity,,15.7,11.1,hours,1,1,2025-09-18 08:03:32.788773
IQ-00578,productivity,,823.2,816.8,hours,0,0,2021-09-10 10:46:40.927121
IQ-00579,productivity,,12.5,7.7,hours,1,0,2020-10-02 18:47:37.969839
IQ-00607,productivity,,43.8,47.4,hours,0,0,2022-07-20 12:46:09.348144
IQ-00613,productivity,,5.3,5.1,hours,0,0,2020-01-15 14:16:18.300443
IQ-00616,productivity,,5.9,4.6,hours,0,0,2024-10-02 06:59:00.390215
IQ-00671,productivity,,171.4,150.7,hours,1,0,2022-02-12 19:50:36.813144
IQ-00672,productivity,,36.9,37.4,hours,0,0,2021-08-02 18:02:35.903436
IQ-00677,productivity,,32.3,39.3,hours,0,0,2024-06-25 15:42:32.977335
IQ-00683,productivity,,109.2,57.6,hours,1,0,2024-10-28 04:05:07.379151
IQ-00686,productivity,,40.7,37.7,hours,0,1,2026-02-18 14:03:31.461762
IQ-00698,productivity,,11.8,9.6,hours,1,1,2022-06-19 12:40:41.337851
IQ-00704,productivity,,163.2,148.5,hours,0,0,2023-06-29 23:46:58.205404
IQ-00705,productivity,,67.0,56.4,hours,1,0,2023-07-20 17:30:22.014890
IQ-00711,productivity,,65.3,35.1,hours,1,0,2020-01-22 15:26:53.818356
IQ-00716,productivity,,63.9,62.4,hours,0,0,2024-12-27 12:03:32.140416
IQ-00727,productivity,,118.0,159.3,hours,0,0,2021-05-21 21:04:34.641695
IQ-00736,productivity,,12.3,12.7,hours,1,0,2024-06-20 09:22:20.730037
IQ-00741,productivity,,151.3,237.7,hours,1,0,2024-04-20 15:19:42.168549
IQ-00747,productivity,,84.3,109.0,hours,1,0,2020-02-28 20:08:23.059273
IQ-00756,productivity,,341.3,122.6,hours,0,0,2020-08-23 13:15:53.193934
IQ-00767,productivity,,4904.4,3754.5,hours,0,0,2025-10-16 10:45:08.562093
IQ-00770,productivity,,206.1,214.7,hours,0,0,2022-02-22 08:16:56.954078
IQ-00772,productivity,,144.4,80.3,hours,0,0,2020-11-07 04:36:33.321604
IQ-00789,productivity,,148.1,114.4,hours,0,0,2019-08-06 01:19:49.299452
IQ-00806,productivity,,231.0,195.6,hours,0,0,2022-01-18 09:25:11.049430
IQ-00815,productivity,,376.3,453.2,hours,0,0,2026-04-09 14:06:38.128060
IQ-00817,productivity,,109.9,148.6,hours,0,0,2026-07-24 07:38:55.906995
IQ-00829,productivity,,69.5,48.6,hours,0,0,2024-02-03 10:57:36.606854
IQ-00841,productivity,,49.3,49.5,hours,1,0,2019-07-02 12:20:06.361813
IQ-00855,productivity,,180.0,140.8,hours,1,0,2026-03-14 05:18:38.689659
IQ-00866,productivity,,24.3,3.6,hours,0,0,2024-02-04 01:02:37.246594
IQ-00880,productivity,,230.4,185.2,hours,1,0,2020-10-24 00:07:19.443539
IQ-00885,productivity,,67.7,98.2,hours,0,0,2025-10-02 06:50:49.144877
IQ-00897,productivity,,78.3,16.6,hours,0,0,2023-10-29 16:20:17.540649
IQ-00912,productivity,,114.7,134.5,hours,0,0,2019-07-18 13:40:55.019835
IQ-00917,productivity,,37.4,33.1,hours,0,0,2024-11-26 20:04:51.683213
IQ-00923,productivity,,250.6,288.7,hours,0,0,2024-11-27 06:22:49.883295
IQ-00926,productivity,,676.9,540.0,hours,0,0,2022-02-04 06:35:59.365660
IQ-00934,productivity,,35.3,38.0,hours,0,0,2022-02-21 01:55:47.234448
IQ-00958,productivity,,332.2,236.1,hours,1,0,2025-08-16 20:46:20.172157
IQ-00962,productivity,,76.9,70.9,hours,1,0,2023-09-07 13:41:10.062700
IQ-00972,productivity,,78.9,80.1,hours,0,1,2025-08-14 22:42:40.166855
IQ-00992,productivity,,90.4,92.2,hours,1,0,2025-12-26 08:48:09.415608
IQ-00995,productivity,,133.1,121.3,hours,0,0,2024-04-13 11:59:06.399176
IQ-01000,productivity,,7.1,7.1,hours,0,0,2025-01-29 19:41:54.009494
IQ-01001,productivity,,43.4,43.1,hours,0,0,2026-01-28 02:02:39.566275
IQ-01039,productivity,,421.9,211.4,hours,0,0,2025-01-02 01:41:25.022302
IQ-01047,productivity,,221.2,194.3,hours,1,0,2020-06-25 19:07:49.581916
IQ-01048,productivity,,40.2,21.8,hours,0,0,2021-03-17 03:42:48.084049
IQ-01055,productivity,,245.9,233.9,hours,0,0,2024-06-28 03:34:15.490242
IQ-01059,productivity,,65.1,48.0,hours,0,0,2022-01-22 13:55:01.442886
IQ-01064,productivity,,211.8,194.3,hours,1,0,2021-07-18 18:16:41.112732
IQ-01065,productivity,,85.5,63.3,hours,1,0,2023-11-13 05:35:14.133955
IQ-01071,productivity,,67.6,60.7,hours,1,0,2026-02-27 09:59:53.962429
IQ-01075,productivity,,107.2,147.4,hours,0,0,2023-07-08 12:58:53.779039
IQ-01078,productivity,,70.6,79.2,hours,1,0,2025-05-17 10:04:53.945070
IQ-01083,productivity,,27.3,17.6,hours,1,0,2022-03-11 02:33:20.853532
IQ-01087,productivity,,406.9,224.6,hours,1,0,2025-01-23 11:30:52.883809
IQ-01089,productivity,,290.3,448.4,hours,1,0,2026-03-27 22:28:28.234758
IQ-01102,productivity,,38.0,23.1,hours,0,0,2021-10-11 17:40:58.445730
IQ-01109,productivity,,93.2,77.4,hours,1,0,2022-10-30 05:38:57.546466
IQ-01111,productivity,,18.4,18.4,hours,1,0,2020-10-18 19:40:57.989130
IQ-01117,productivity,,33.6,32.8,hours,1,0,2022-09-28 12:05:55.855832
IQ-01133,productivity,,62.1,39.1,hours,1,0,2020-02-06 05:28:43.673472
IQ-01143,productivity,,427.3,369.0,hours,1,0,2025-12-13 00:02:32.364236
IQ-01145,productivity,,30.8,13.7,hours,0,0,2026-02-24 23:59:54.180180
IQ-01148,productivity,,44.9,31.0,hours,0,0,2025-07-26 15:08:22.170658
IQ-01157,productivity,,68.6,27.0,hours,1,0,2024-11-30 04:07:31.740970
IQ-01165,productivity,,4.0,4.4,hours,0,0,2023-02-17 18:36:46.696060
IQ-01174,productivity,,8.2,5.9,hours,0,0,2026-05-05 15:32:48.242166
IQ-01184,productivity,,9.6,5.4,hours,0,0,2024-09-26 22:03:35.912651
IQ-01186,productivity,,152.8,152.7,hours,0,0,2023-11-05 17:10:36.117335
IQ-01197,productivity,,426.1,588.7,hours,1,1,2023-05-03 18:14:27.296321
IQ-01199,productivity,,26.9,25.5,hours,0,0,2025-10-30 08:48:57.229972
IQ-01211,productivity,,185.3,141.9,hours,0,0,2021-07-05 01:41:48.399589
IQ-01216,productivity,,31.6,5.0,hours,1,1,2022-11-19 22:55:26.961733
IQ-01226,productivity,,13.5,7.9,hours,1,0,2022-11-24 01:46:40.327152
IQ-01228,productivity,,350.0,244.4,hours,0,0,2023-03-24 09:22:27.480956
IQ-01230,productivity,,202.7,197.5,hours,1,1,2024-11-25 21:14:34.258249
IQ-01237,productivity,,155.1,175.2,hours,0,0,2021-02-26 02:23:20.192943
IQ-01280,productivity,,60.7,36.9,hours,0,0,2024-01-13 22:07:24.940102
IQ-01284,productivity,,28.6,24.5,hours,0,0,2024-03-08 19:27:47.139294
IQ-01303,productivity,,180.6,136.5,hours,1,0,2025-08-18 08:24:46.450632
IQ-01308,productivity,,18.6,15.2,hours,0,0,2021-05-05 05:53:29.166129
IQ-01351,productivity,,129.5,114.0,hours,0,0,2025-09-21 06:02:03.444575
IQ-01376,productivity,,85.0,45.6,hours,1,0,2025-07-07 21:56:39.561659
IQ-01387,productivity,,26.1,28.0,hours,1,0,2020-12-25 20:10:31.155296
IQ-01392,productivity,,143.4,109.9,hours,0,0,2023-07-30 01:25:04.215222
IQ-01393,productivity,,21.5,7.6,hours,0,0,2023-04-10 23:57:21.988256
IQ-01398,productivity,,100.7,84.8,hours,0,0,2024-05-27 00:27:26.235698
IQ-01401,productivity,,95.2,37.0,hours,0,0,2026-01-29 07:31:53.077934
IQ-01413,productivity,,100.3,62.0,hours,0,0,2024-08-02 01:31:52.419321
IQ-01420,productivity,,65.2,53.6,hours,1,0,2021-03-29 21:04:50.436882
IQ-01433,productivity,,38.3,30.0,hours,0,0,2023-10-09 08:03:56.099450
IQ-01438,productivity,,106.0,96.3,hours,0,1,2022-02-15 08:19:01.690089
IQ-01441,productivity,,85.0,73.6,hours,0,0,2019-06-11 13:38:49.933867
IQ-01447,productivity,,164.0,167.7,hours,0,0,2023-08-20 11:18:52.560889
IQ-01452,productivity,,84.6,45.0,hours,0,0,2024-03-24 05:01:34.010183
IQ-01475,productivity,,128.7,91.9,hours,0,0,2023-11-02 02:33:39.733942
IQ-01489,productivity,,34.4,24.7,hours,0,0,2025-02-19 19:37:41.236091
IQ-01496,productivity,,176.2,146.6,hours,1,0,2023-04-19 18:10:01.315906
IQ-01499,productivity,,304.7,87.3,hours,0,1,2019-09-25 02:50:32.254963
IQ-01500,productivity,,321.1,312.6,hours,1,0,2024-04-09 19:55:19.252980
IQ-01502,productivity,,102.5,49.4,hours,1,0,2022-09-03 09:11:15.633591
IQ-01507,productivity,,265.8,392.2,hours,1,0,2024-08-12 22:32:47.177258
IQ-01523,productivity,,29.3,12.7,hours,1,0,2022-04-10 19:16:42.927493
IQ-01527,productivity,,22.6,18.5,hours,0,0,2021-07-30 04:49:11.388455
IQ-01532,productivity,,970.2,588.3,hours,1,0,2023-08-05 15:37:36.827658
IQ-01541,productivity,,38.8,28.4,hours,0,0,2023-10-20 15:18:19.361048
IQ-01542,productivity,,226.5,109.6,hours,0,0,2023-04-09 01:15:03.406775
IQ-01554,productivity,,1367.9,843.0,hours,0,0,2020-12-30 14:11:16.118002
IQ-01566,productivity,,153.0,120.8,hours,0,0,2026-06-26 03:37:51.304699
IQ-01570,productivity,,37.2,30.6,hours,1,0,2022-07-19 00:22:21.559964
IQ-01575,productivity,,59.1,51.4,hours,0,0,2026-05-15 10:01:05.009390
IQ-01594,productivity,,82.1,69.6,hours,0,0,2024-06-09 00:04:50.642275
IQ-01600,productivity,,79.1,82.2,hours,0,0,2021-01-01 11:13:17.727092
IQ-01601,productivity,,56.4,62.6,hours,1,0,2025-09-22 17:31:44.991787
IQ-01602,productivity,,188.4,221.5,hours,0,0,2026-04-06 16:45:18.753785
IQ-01604,productivity,,18.1,13.9,hours,0,0,2024-12-21 10:47:27.865995
IQ-01609,productivity,,133.4,104.5,hours,1,0,2024-02-14 06:44:11.175890
IQ-01625,productivity,,109.9,60.4,hours,0,0,2023-06-16 09:57:35.342524
IQ-01626,productivity,,94.9,97.5,hours,0,0,2022-08-20 02:01:10.721583
IQ-01631,productivity,,122.7,122.9,hours,0,0,2026-05-01 23:44:42.220984
IQ-01640,productivity,,70.5,63.7,hours,1,0,2021-10-20 04:11:43.680526
IQ-01642,productivity,,52.6,28.6,hours,0,0,2021-01-22 07:20:18.518416
IQ-01644,productivity,,337.1,202.1,hours,0,0,2024-04-26 11:16:48.870503
IQ-01651,productivity,,107.0,72.7,hours,0,0,2020-05-27 02:11:29.466360
IQ-01676,productivity,,89.7,84.9,hours,0,0,2025-11-06 11:29:02.624267
IQ-01684,productivity,,75.4,62.2,hours,1,0,2024-08-09 22:56:58.368807
IQ-01686,productivity,,116.9,97.6,hours,0,0,2020-05-29 17:28:29.056717
IQ-01691,productivity,,770.2,494.9,hours,0,0,2025-05-06 17:47:47.963311
IQ-01702,productivity,,220.3,199.7,hours,0,0,2022-06-19 20:08:29.135828
IQ-01710,productivity,,15.9,13.0,hours,1,0,2023-08-16 06:28:54.585386
IQ-01725,productivity,,70.3,85.7,hours,0,1,2023-09-18 15:49:21.094946
IQ-01728,productivity,,38.7,29.1,hours,1,0,2024-05-18 15:20:40.457567
IQ-01737,productivity,,711.9,415.9,hours,0,0,2025-01-12 06:55:21.683943
IQ-01738,productivity,,350.7,351.7,hours,1,0,2025-07-12 16:19:13.912931
IQ-01749,productivity,,299.2,450.1,hours,0,0,2024-08-08 18:03:38.752562
IQ-01753,productivity,,152.9,138.3,hours,0,0,2026-02-04 06:43:57.868192
IQ-01768,productivity,,128.7,100.2,hours,1,0,2022-06-04 18:28:05.635063
IQ-01773,productivity,,762.1,560.0,hours,0,0,2022-05-23 17:02:11.307622
IQ-01775,productivity,,101.3,151.7,hours,0,0,2021-07-30 08:00:10.086979
IQ-01785,productivity,,145.7,178.7,hours,0,0,2026-01-09 16:43:52.873629
IQ-01788,productivity,,53.4,34.3,hours,0,0,2025-06-04 17:54:45.375080
IQ-01794,productivity,,,,hours,0,0,2024-07-08 13:53:04.307812
IQ-01795,productivity,,,,hours,0,0,2025-06-24 12:44:57.917103
IQ-01827,productivity,,400.4,300.0,hours,1,0,2023-11-11 17:13:21.364510
IQ-01833,productivity,,86.4,92.2,hours,0,0,2023-06-21 13:22:31.219753
IQ-01835,productivity,,315.6,235.6,hours,0,0,2022-06-03 07:54:02.595262
IQ-01836,productivity,,271.2,246.3,hours,1,0,2019-05-24 02:25:30.185693
IQ-01841,productivity,,1181.9,658.9,hours,1,0,2022-01-28 12:21:34.656431
IQ-01866,productivity,,37.0,16.1,hours,0,0,2024-12-18 05:06:36.494778
IQ-01868,productivity,,25.8,15.3,hours,1,0,2025-01-18 02:52:37.614789
IQ-01885,productivity,,1021.5,281.1,hours,0,0,2025-07-30 17:24:32.099591
IQ-01892,productivity,,240.1,197.1,hours,1,0,2021-08-26 07:30:55.569835
IQ-01895,productivity,,165.5,142.6,hours,0,0,2022-09-21 11:19:36.524759
IQ-01896,productivity,,53.7,29.2,hours,0,0,2025-12-01 05:45:49.262502
IQ-01914,productivity,,712.0,321.2,hours,0,0,2024-07-04 19:16:32.104698
IQ-01916,productivity,,52.9,42.1,hours,0,0,2022-02-08 19:29:12.344828
IQ-01917,productivity,,35.9,18.2,hours,0,0,2020-04-08 02:06:03.624092
IQ-01923,productivity,,54.0,21.1,hours,0,0,2025-12-25 07:15:08.517970
IQ-01925,productivity,,114.3,116.0,hours,0,0,2023-01-06 02:20:46.551411
IQ-01928,productivity,,116.3,81.2,hours,0,0,2024-12-05 20:17:30.277831
IQ-01947,productivity,,63.5,67.3,hours,0,0,2023-01-14 19:51:15.291146
IQ-01954,productivity,,64.8,59.4,hours,1,0,2024-05-08 06:23:28.683900
IQ-01957,productivity,,143.0,76.2,hours,0,0,2023-09-12 07:49:01.625088
IQ-01969,productivity,,170.5,85.6,hours,1,0,2023-12-10 21:51:17.944960
IQ-01976,productivity,,175.5,88.8,hours,1,0,2020-02-21 02:58:27.384631
IQ-01977,productivity,,66.3,67.7,hours,0,0,2023-11-09 22:36:06.667336
IQ-01995,productivity,,35.8,32.0,hours,0,1,2025-02-22 18:03:07.564594
IQ-01998,productivity,,80.1,71.7,hours,1,0,2022-03-13 18:58:22.965326
IQ-02013,productivity,,18.2,23.0,hours,1,0,2021-12-21 11:35:08.902571
IQ-02016,productivity,,125.2,164.0,hours,0,0,2024-09-03 11:59:17.675008
IQ-02052,productivity,,87.3,91.5,hours,1,0,2026-04-07 14:09:41.909826
IQ-02056,productivity,,53.8,59.8,hours,0,0,2024-03-16 06:52:18.288607
IQ-02066,productivity,,137.5,144.2,hours,0,0,2020-03-27 15:02:48.462966
IQ-02068,productivity,,84.4,91.6,hours,0,0,2022-05-25 02:59:03.970269
IQ-02071,productivity,,87.1,129.4,hours,0,1,2025-01-09 01:57:24.503058
IQ-02075,productivity,,69.2,36.0,hours,0,0,2021-01-13 16:16:20.329148
IQ-02088,productivity,,37.4,49.8,hours,0,0,2020-08-17 01:23:59.555577
IQ-02093,productivity,,107.5,107.7,hours,0,0,2024-06-06 15:14:18.678085
IQ-02107,productivity,,210.3,151.0,hours,0,0,2026-06-25 03:08:44.786062
IQ-02129,productivity,,16.4,18.4,hours,1,0,2026-06-25 13:43:22.647540
IQ-02138,productivity,,69.1,56.7,hours,1,0,2024-09-05 23:08:17.043746
IQ-02139,productivity,,38.4,47.4,hours,1,0,2020-12-27 03:16:44.455675
IQ-02153,productivity,,43.2,40.3,hours,1,0,2025-02-04 14:01:08.318952
IQ-02177,productivity,,323.6,182.8,hours,0,0,2025-08-16 16:45:46.455376
IQ-02178,productivity,,9.4,6.2,hours,0,0,2026-06-29 14:26:11.159319
IQ-02206,productivity,,123.4,99.3,hours,0,0,2025-08-09 22:07:11.501080
IQ-02211,productivity,,198.4,142.9,hours,1,0,2020-08-13 14:20:34.174194
IQ-02213,productivity,,196.3,176.5,hours,0,0,2021-08-01 17:04:22.420961
IQ-02222,productivity,,131.3,120.3,hours,1,0,2025-08-28 01:33:20.277884
IQ-02223,productivity,,9.8,6.3,hours,0,0,2019-08-29 17:45:23.153544
IQ-02246,productivity,,962.4,144.4,hours,0,0,2024-09-09 14:19:01.088982
IQ-02247,productivity,,64.7,69.7,hours,0,0,2026-07-29 10:38:47.165472
IQ-02248,productivity,,71.1,67.7,hours,0,0,2022-06-09 09:28:46.353201
IQ-02253,productivity,,154.5,173.5,hours,0,0,2022-07-21 03:49:47.128393
IQ-02257,productivity,,116.6,121.8,hours,0,0,2021-05-03 09:12:47.708964
IQ-02266,productivity,,35.2,8.7,hours,0,0,2021-11-25 19:11:35.997733
IQ-02269,productivity,,1749.5,1414.7,hours,0,1,2020-09-27 05:59:28.321568
IQ-02275,productivity,,57.8,47.8,hours,1,0,2020-09-03 20:29:27.241221
IQ-02278,productivity,,75.6,90.1,hours,1,0,2022-11-01 13:16:04.920018
IQ-02280,productivity,,326.6,144.9,hours,0,0,2022-07-09 14:34:53.402054
IQ-02302,productivity,,32.1,26.1,hours,0,0,2025-11-03 06:26:47.636621
IQ-02309,productivity,,58.2,56.9,hours,1,1,2021-12-12 00:36:19.901863
IQ-02317,productivity,,213.3,87.3,hours,0,0,2022-03-22 05:07:04.113802
IQ-02331,productivity,,36.6,19.3,hours,1,1,2021-11-11 01:25:29.770403
IQ-02344,productivity,,976.5,1034.8,hours,1,0,2024-09-15 03:47:13.534781
IQ-02348,productivity,,859.9,583.6,hours,0,0,2025-09-15 01:49:03.409025
IQ-02361,productivity,,155.0,76.2,hours,0,0,2024-10-30 09:47:50.656876
IQ-02365,productivity,,,,hours,0,0,2023-10-14 23:54:23.559185
IQ-02377,productivity,,21.0,17.4,hours,0,0,2023-05-07 12:24:42.402729
IQ-02379,productivity,,37.1,40.8,hours,1,0,2026-01-19 23:32:58.641083
IQ-02381,productivity,,195.6,106.7,hours,0,0,2026-06-04 12:27:00.728781
IQ-02386,productivity,,77.0,58.4,hours,0,0,2022-07-06 13:06:55.668829
IQ-02387,productivity,,219.2,242.6,hours,0,0,2022-08-03 17:10:03.304100
IQ-02401,productivity,,18.8,17.4,hours,0,0,2023-10-28 12:58:34.995865
IQ-02402,productivity,,122.8,85.9,hours,1,0,2026-06-04 18:12:25.978850
IQ-02426,productivity,,463.9,258.6,hours,0,0,2025-12-04 00:18:02.564717
IQ-02435,productivity,,294.8,277.5,hours,0,0,2021-08-06 23:26:53.744284
IQ-02455,productivity,,30.7,28.5,hours,0,1,2021-09-29 16:29:32.310237
IQ-02465,productivity,,20.6,19.2,hours,0,0,2024-02-22 07:08:26.747180
IQ-02474,productivity,,24.5,14.0,hours,0,0,2022-09-06 22:15:36.599439
IQ-02480,productivity,,137.5,139.2,hours,0,0,2019-07-15 00:43:45.793572
IQ-02485,productivity,,48.9,58.6,hours,0,0,2026-03-10 17:25:44.138507
IQ-02488,productivity,,82.5,20.3,hours,0,0,2020-07-30 08:30:04.688791
IQ-02493,productivity,,99.5,59.1,hours,1,0,2022-07-17 08:49:25.623023
IQ-02499,productivity,,31.4,12.8,hours,0,0,2025-05-29 18:45:08.259188
IQ-02516,productivity,,408.1,476.0,hours,0,0,2024-09-25 22:34:10.980744
IQ-02527,productivity,,158.7,185.3,hours,0,0,2026-05-10 05:30:23.431567
IQ-02534,productivity,,104.7,89.2,hours,0,0,2021-12-03 16:16:18.914904
IQ-02536,productivity,,772.0,650.9,hours,1,0,2023-05-16 20:07:15.381002
IQ-02553,productivity,,108.9,70.4,hours,1,0,2024-02-02 04:26:35.103373
IQ-02555,productivity,,,,hours,1,0,2021-06-02 23:32:34.837492
IQ-02557,productivity,,20.8,24.1,hours,0,0,2025-11-19 13:34:07.945603
IQ-02558,productivity,,176.9,172.2,hours,1,0,2019-06-07 04:26:38.657897
IQ-02559,productivity,,258.7,216.6,hours,0,0,2024-08-22 15:00:38.153035
IQ-02560,productivity,,277.7,230.0,hours,0,0,2022-07-20 08:08:57.223142
IQ-02565,productivity,,214.7,78.9,hours,0,0,2025-11-19 10:45:45.792939
IQ-02570,productivity,,27.6,10.5,hours,1,0,2022-02-09 20:24:53.411886
IQ-02571,productivity,,142.4,112.1,hours,0,1,2021-04-30 18:46:01.654754
IQ-02574,productivity,,217.1,232.5,hours,0,0,2026-05-15 09:46:39.129425
IQ-02579,productivity,,42.1,33.3,hours,0,0,2026-03-04 18:20:25.415826
IQ-02585,productivity,,320.2,137.0,hours,0,0,2025-12-08 06:06:02.156538
IQ-02587,productivity,,77.0,84.7,hours,0,0,2026-05-28 02:16:30.126007
IQ-02588,productivity,,402.8,410.9,hours,0,0,2025-09-30 13:46:50.474236
IQ-02590,productivity,,32.7,44.7,hours,1,0,2026-01-14 12:14:54.749055
IQ-02601,productivity,,,,hours,1,0,2025-08-18 18:54:13.405462
IQ-02603,productivity,,132.4,123.1,hours,0,0,2025-01-27 12:46:45.416353
IQ-02609,productivity,,160.5,157.7,hours,1,0,2022-12-19 15:06:31.441014
IQ-02617,productivity,,100.9,69.8,hours,1,0,2023-05-09 13:26:56.271054
IQ-02623,productivity,,53.6,69.2,hours,0,0,2020-06-27 06:43:58.752389
IQ-02627,productivity,,91.2,103.5,hours,0,0,2021-10-30 11:01:20.046393
IQ-02638,productivity,,38.2,39.8,hours,0,0,2020-12-08 02:40:56.527847
IQ-02642,productivity,,25.3,19.8,hours,0,0,2019-05-23 22:22:55.437445
IQ-02643,productivity,,228.6,113.7,hours,0,0,2021-09-14 08:43:23.546902
IQ-02650,productivity,,18.6,23.3,hours,1,0,2025-10-31 14:22:58.264512
IQ-02653,productivity,,49.1,33.4,hours,1,0,2022-05-25 14:33:40.795919
IQ-02654,productivity,,160.9,165.1,hours,1,0,2023-04-03 17:20:30.547772
IQ-02677,productivity,,213.0,158.6,hours,0,0,2025-03-29 08:13:36.440879
IQ-02682,productivity,,633.8,649.1,hours,1,0,2024-11-01 10:09:42.429751
IQ-02717,productivity,,166.9,185.0,hours,0,0,2022-08-31 17:00:28.222119
IQ-02729,productivity,,26.4,17.9,hours,0,0,2024-06-14 09:25:49.315255
IQ-02738,productivity,,95.3,67.1,hours,1,0,2021-02-15 15:30:59.811217
IQ-02740,productivity,,67.2,53.0,hours,1,0,2024-04-27 02:31:20.941257
IQ-02741,productivity,,152.7,205.1,hours,0,0,2021-04-23 04:11:23.325075
IQ-02764,productivity,,177.6,185.5,hours,0,0,2026-07-09 01:35:57.360431
IQ-02776,productivity,,7.9,8.9,hours,0,0,2022-07-27 19:17:50.339450
IQ-02779,productivity,,354.4,275.7,hours,0,0,2022-06-12 09:12:21.813198
IQ-02781,productivity,,,,hours,0,0,2024-09-06 13:29:49.151511
IQ-02785,productivity,,583.2,298.0,hours,1,0,2025-07-19 14:28:49.185607
IQ-02791,productivity,,144.7,87.4,hours,0,0,2025-05-02 02:38:35.037992
IQ-02803,productivity,,12.3,11.1,hours,0,0,2023-02-24 00:16:43.736585
IQ-02810,productivity,,10.9,9.2,hours,0,0,2021-08-15 06:13:54.811494
IQ-02814,productivity,,11.6,8.5,hours,0,1,2026-01-21 04:23:17.637923
IQ-02815,productivity,,2866.6,3374.2,hours,0,0,2024-02-22 21:01:39.769687
IQ-02820,productivity,,26.4,18.3,hours,0,0,2026-04-06 11:58:58.557602
IQ-02821,productivity,,77.8,80.3,hours,1,1,2022-09-22 07:28:59.208504
IQ-02840,productivity,,84.2,66.7,hours,0,0,2023-07-27 06:33:30.758089
IQ-02844,productivity,,259.8,231.3,hours,0,0,2025-08-29 23:36:17.212763
IQ-02848,productivity,,35.6,44.1,hours,0,1,2023-10-26 20:27:27.731576
IQ-02898,productivity,,21.8,19.5,hours,0,0,2024-10-25 12:14:16.919670
IQ-02901,productivity,,26.8,25.6,hours,0,0,2021-04-03 13:53:18.658899
IQ-02914,productivity,,13.4,12.3,hours,0,0,2025-04-09 13:02:28.672463
IQ-02921,productivity,,65.5,73.2,hours,0,0,2025-02-08 15:14:22.935773
IQ-02922,productivity,,45.9,53.7,hours,0,0,2020-05-22 10:49:44.091710
IQ-02934,productivity,,92.3,71.5,hours,1,0,2026-07-07 21:22:38.878852
IQ-02960,productivity,,34.2,38.8,hours,0,0,2022-02-14 05:36:24.782424
IQ-02971,productivity,,42.6,53.1,hours,1,0,2025-08-04 00:34:20.413277
IQ-02996,productivity,,19.9,23.3,hours,1,0,2024-03-15 19:53:01.047991
IQ-03006,productivity,,50.3,39.6,hours,0,0,2021-11-09 02:31:39.196091
IQ-03041,productivity,,259.8,180.7,hours,0,0,2025-06-22 10:36:07.289399
IQ-03055,productivity,,354.8,460.4,hours,0,0,2025-05-06 21:07:33.533547
IQ-03062,productivity,,137.5,46.0,hours,1,0,2026-06-01 19:15:07.803143
IQ-03070,productivity,,99.0,65.0,hours,1,0,2025-04-09 09:01:51.566311
IQ-03084,productivity,,18.4,25.8,hours,1,0,2023-09-17 11:24:54.620579
IQ-03091,productivity,,401.8,318.0,hours,1,1,2021-12-18 02:13:46.568415
IQ-03104,productivity,,138.2,116.7,hours,1,0,2026-07-09 10:54:19.042973
IQ-03109,productivity,,43.8,40.1,hours,0,0,2021-12-16 05:50:04.500678
IQ-03118,productivity,,56.0,73.0,hours,0,0,2026-03-19 13:35:21.561462
IQ-03120,productivity,,48.0,22.8,hours,0,0,2024-01-10 00:43:22.189281
IQ-03122,productivity,,353.1,142.0,hours,1,0,2023-09-05 19:58:52.975385
IQ-03133,productivity,,61.1,60.4,hours,0,0,2025-12-11 09:52:23.629047
IQ-03151,productivity,,17.0,3.7,hours,0,0,2026-04-17 06:37:21.702508
IQ-03157,productivity,,58.2,49.0,hours,1,0,2022-01-17 12:47:13.234734
IQ-03172,productivity,,23.8,21.3,hours,0,0,2024-03-08 13:51:49.906116
IQ-03174,productivity,,240.0,225.5,hours,0,1,2025-12-03 22:29:17.273282
IQ-03181,productivity,,94.5,57.4,hours,0,0,2024-05-19 07:55:40.061144
IQ-03193,productivity,,91.9,56.4,hours,0,0,2024-03-13 13:38:21.587893
IQ-03237,productivity,,61.6,9.2,hours,1,0,2021-05-22 04:20:52.507392
IQ-03243,productivity,,145.4,157.4,hours,0,0,2020-03-26 16:21:16.437114
IQ-03247,productivity,,4.8,2.4,hours,1,1,2026-07-10 18:53:27.892135
IQ-03268,productivity,,94.3,89.2,hours,1,0,2023-03-13 22:25:16.528217
IQ-03270,productivity,,226.7,278.4,hours,0,0,2022-12-05 04:13:19.445714
IQ-03278,productivity,,15.2,21.2,hours,0,0,2025-10-31 02:33:50.083898
IQ-03279,productivity,,267.3,102.9,hours,1,0,2024-05-18 14:23:46.729646
IQ-03299,productivity,,15.3,10.2,hours,0,0,2021-05-28 12:56:04.639170
IQ-03301,productivity,,26.7,18.7,hours,1,0,2025-09-26 23:13:08.947841
IQ-03303,productivity,,81.3,85.8,hours,1,0,2024-03-13 00:53:48.332380
IQ-03325,productivity,,61.0,56.4,hours,0,0,2024-10-26 06:36:32.953210
IQ-03328,productivity,,77.0,67.4,hours,0,0,2025-05-27 01:47:13.601111
IQ-03330,productivity,,19.4,11.5,hours,0,0,2025-07-09 12:10:27.223796
IQ-03331,productivity,,29.0,34.6,hours,1,1,2021-10-02 00:49:42.696383
IQ-03337,productivity,,24.2,4.3,hours,0,0,2020-07-14 18:15:27.468729
IQ-03346,productivity,,123.0,87.3,hours,0,0,2023-02-12 18:49:45.723471
IQ-03355,productivity,,26.2,16.5,hours,0,0,2025-04-19 16:31:08.313947
IQ-03361,productivity,,4.0,1.0,hours,1,0,2023-09-10 20:53:43.910285
IQ-03367,productivity,,109.0,76.3,hours,1,1,2021-08-02 05:49:49.551730
IQ-03376,productivity,,148.8,143.0,hours,0,0,2022-12-16 08:20:15.217259
IQ-03399,productivity,,16.6,17.5,hours,1,0,2021-04-08 05:46:37.330657
IQ-03410,productivity,,12.8,10.2,hours,0,0,2021-01-27 16:41:18.750245
IQ-03420,productivity,,33.3,32.7,hours,0,0,2026-05-23 12:05:22.687537
IQ-03424,productivity,,223.5,55.4,hours,0,0,2023-01-04 07:03:23.227522
IQ-03444,productivity,,77.8,75.9,hours,1,0,2021-07-26 12:41:33.862951
IQ-03445,productivity,,26.5,9.3,hours,0,0,2023-02-14 19:54:06.781122
IQ-03446,productivity,,148.3,105.1,hours,0,1,2025-10-04 05:30:31.924418
IQ-03457,productivity,,123.8,99.2,hours,0,0,2024-11-23 16:10:07.720579
IQ-03489,productivity,,104.1,70.4,hours,1,0,2022-10-04 15:14:02.060175
IQ-03500,productivity,,88.3,89.9,hours,0,0,2020-09-23 19:19:00.371039
IQ-03508,productivity,,34.2,9.1,hours,0,0,2026-02-21 18:12:55.982715
IQ-03513,productivity,,242.6,220.3,hours,0,0,2026-04-23 09:22:12.804411
IQ-03523,productivity,,41.7,32.4,hours,1,0,2025-02-13 23:54:04.084315
IQ-03525,productivity,,39.5,51.5,hours,1,0,2024-01-06 23:10:45.933494
IQ-03526,productivity,,72.3,62.4,hours,0,0,2023-07-26 19:33:57.735619
IQ-03531,productivity,,38.5,48.9,hours,0,0,2019-08-10 13:39:38.075321
IQ-03545,productivity,,35.7,23.4,hours,0,0,2025-07-20 12:28:55.087150
IQ-03547,productivity,,24.4,29.2,hours,1,0,2026-02-10 21:47:52.418107
IQ-03548,productivity,,26.0,7.5,hours,0,0,2026-05-22 22:03:18.969577
IQ-03579,productivity,,23.2,24.7,hours,1,0,2020-11-15 06:02:38.025439
IQ-03581,productivity,,24.1,25.1,hours,0,0,2025-07-09 00:42:10.511036
IQ-03586,productivity,,36.8,26.9,hours,0,0,2021-10-03 22:58:43.297872
IQ-03602,productivity,,34.6,31.1,hours,0,0,2024-06-16 10:29:30.836104
IQ-03606,productivity,,78.0,25.8,hours,0,0,2023-09-09 14:14:01.939314
IQ-03613,productivity,,23.0,7.4,hours,0,0,2020-01-25 00:55:05.325761
IQ-03615,productivity,,137.3,115.6,hours,1,0,2025-02-17 17:01:37.654661
IQ-03622,productivity,,76.0,55.5,hours,0,0,2024-07-22 10:21:51.960676
IQ-03625,productivity,,7.4,8.9,hours,1,0,2026-06-15 19:12:29.019478
IQ-03629,productivity,,28.7,20.7,hours,1,0,2023-01-28 00:26:43.283765
IQ-03635,productivity,,48.0,35.5,hours,0,1,2024-10-23 19:01:48.140745
IQ-03636,productivity,,153.5,109.2,hours,0,0,2026-01-10 01:23:42.013374
IQ-03640,productivity,,6.8,8.4,hours,0,1,2020-12-28 09:35:06.552081
IQ-03643,productivity,,125.7,112.7,hours,0,0,2024-08-28 11:09:40.064245
IQ-03647,productivity,,45.0,29.2,hours,0,0,2020-05-08 12:01:31.636723
IQ-03666,productivity,,28.6,19.8,hours,0,0,2022-08-06 19:57:51.270610
IQ-03675,productivity,,200.0,152.0,hours,0,0,2025-04-16 13:23:16.442552
IQ-03680,productivity,,83.8,46.9,hours,1,0,2024-05-25 19:27:35.918412
IQ-03681,productivity,,36.8,27.4,hours,0,0,2022-04-24 15:10:54.200437
IQ-03683,productivity,,107.8,36.1,hours,1,0,2024-04-02 09:19:37.999551
IQ-03691,productivity,,104.3,62.1,hours,0,0,2023-11-28 13:05:56.501016
IQ-03696,productivity,,190.7,173.0,hours,0,1,2026-02-08 21:15:44.555074
IQ-03698,productivity,,243.8,249.5,hours,1,0,2024-12-05 01:53:48.150911
IQ-03702,productivity,,132.9,78.3,hours,1,0,2022-05-06 03:55:29.137320
IQ-03703,productivity,,18.9,14.2,hours,0,0,2025-05-04 18:59:18.545787
IQ-03704,productivity,,269.3,234.4,hours,0,0,2025-01-27 00:18:59.454371
IQ-03707,productivity,,182.7,219.9,hours,0,0,2025-07-31 01:30:58.606653
IQ-03720,productivity,,51.9,54.8,hours,0,1,2024-01-02 03:37:50.854029
IQ-03722,productivity,,316.9,272.0,hours,0,0,2019-12-22 18:04:41.773062
IQ-03746,productivity,,437.0,267.5,hours,0,0,2023-08-16 10:51:26.550681
IQ-03753,productivity,,66.5,73.4,hours,0,0,2026-05-16 16:19:06.937081
IQ-03758,productivity,,55.6,54.0,hours,0,0,2024-05-27 00:21:44.358407
IQ-03761,productivity,,27.9,34.1,hours,1,0,2025-06-06 05:07:00.942030
IQ-03769,productivity,,120.0,85.3,hours,0,0,2024-10-04 06:22:22.280263
IQ-03784,productivity,,,,hours,1,0,2023-12-23 12:22:54.868779
IQ-03796,productivity,,38.0,21.2,hours,1,0,2024-07-08 05:15:34.477115
IQ-03812,productivity,,40.0,26.0,hours,0,0,2024-12-21 20:20:21.538376
IQ-03817,productivity,,150.1,124.0,hours,0,0,2020-08-25 17:10:40.393710
IQ-03828,productivity,,12.4,12.4,hours,0,1,2025-09-11 18:44:18.092018
IQ-03831,productivity,,87.1,40.3,hours,0,0,2023-05-01 02:50:56.848351
IQ-03852,productivity,,77.5,48.8,hours,0,0,2024-12-03 02:12:50.232763
IQ-03854,productivity,,29.8,27.8,hours,0,0,2025-11-21 12:54:59.451281
IQ-03858,productivity,,5.8,5.9,hours,0,0,2019-06-11 12:54:54.180155
IQ-03872,productivity,,99.1,36.8,hours,0,0,2022-02-04 16:09:51.868988
IQ-03875,productivity,,106.8,52.9,hours,0,0,2021-08-07 04:27:28.678245
IQ-03876,productivity,,24.9,24.5,hours,0,0,2023-11-24 11:51:35.911247
IQ-03888,productivity,,33.2,28.1,hours,0,0,2026-02-25 07:46:20.938481
IQ-03891,productivity,,205.4,210.1,hours,0,0,2021-12-13 00:06:40.417293
IQ-03902,productivity,,832.0,688.0,hours,0,0,2025-05-10 18:29:37.597816
IQ-03904,productivity,,393.7,312.8,hours,1,0,2024-07-01 16:44:50.838469
IQ-03905,productivity,,64.1,72.1,hours,0,0,2025-12-24 18:49:54.966908
IQ-03914,productivity,,1102.6,734.5,hours,0,0,2024-11-03 07:51:36.258061
IQ-03916,productivity,,250.8,262.8,hours,0,0,2023-06-04 12:43:23.269595
IQ-03938,productivity,,22.2,18.2,hours,1,0,2026-01-30 02:30:45.172119
IQ-03941,productivity,,81.9,54.6,hours,1,0,2019-12-13 06:03:31.869016
IQ-03945,productivity,,49.7,39.4,hours,1,0,2022-07-28 18:27:09.140853
IQ-03982,productivity,,129.3,116.5,hours,0,1,2025-08-29 04:48:50.725518
IQ-03989,productivity,,152.5,178.0,hours,0,0,2026-01-23 13:28:13.851748
IQ-03994,productivity,,217.1,153.6,hours,0,0,2026-05-16 01:24:23.451967
IQ-03999,productivity,,76.4,58.9,hours,1,0,2026-07-20 09:19:43.333330
IQ-04000,productivity,,1302.6,924.2,hours,0,0,2025-09-02 19:34:19.881329
IQ-04004,productivity,,13.5,11.0,hours,1,0,2024-02-26 10:16:11.197131
IQ-04018,productivity,,50.8,50.9,hours,1,0,2023-04-29 13:22:55.646226
IQ-04022,productivity,,486.1,401.1,hours,1,0,2023-02-12 17:42:38.825136
IQ-04061,productivity,,241.0,225.3,hours,1,0,2021-09-03 22:41:14.810337
IQ-04066,productivity,,92.7,91.2,hours,1,0,2025-10-15 03:28:30.150229
IQ-04069,productivity,,24.7,13.5,hours,0,1,2026-06-21 18:58:19.514589
IQ-04076,productivity,,39.7,36.1,hours,0,1,2021-03-03 10:07:33.395861
IQ-04079,productivity,,16.4,16.6,hours,0,1,2026-05-11 16:34:23.586320
IQ-04084,productivity,,42.2,50.2,hours,0,0,2026-03-13 04:29:15.922415
IQ-04090,productivity,,243.6,61.1,hours,0,0,2022-03-30 11:24:25.783292
IQ-04092,productivity,,12.2,6.8,hours,0,1,2025-08-08 06:43:47.250539
IQ-04104,productivity,,,,hours,0,1,2023-10-16 03:47:24.907022
IQ-04114,productivity,,92.3,98.2,hours,1,1,2025-10-07 06:05:25.833656
IQ-04123,productivity,,57.4,47.3,hours,1,0,2026-05-14 00:53:47.628415
IQ-04133,productivity,,115.7,97.1,hours,1,0,2023-11-05 06:40:51.601712
IQ-04134,productivity,,90.0,92.0,hours,1,0,2025-01-29 22:26:22.773705
IQ-04138,productivity,,313.8,292.4,hours,0,0,2023-10-11 20:30:51.165883
IQ-04139,productivity,,37.2,39.7,hours,1,0,2026-02-23 05:29:35.772869
IQ-04150,productivity,,71.0,76.6,hours,0,0,2023-10-04 13:54:48.777076
IQ-04154,productivity,,8.5,6.0,hours,0,0,2025-04-23 08:15:37.052090
IQ-04155,productivity,,772.1,627.6,hours,0,0,2022-02-16 00:41:05.277298
IQ-04161,productivity,,275.6,254.1,hours,0,0,2020-07-05 06:24:51.907105
IQ-04170,productivity,,29.4,28.6,hours,0,0,2019-11-12 23:33:52.239365
IQ-04177,productivity,,41.0,52.9,hours,0,0,2021-02-18 17:19:34.711348
IQ-04221,productivity,,51.5,71.6,hours,0,0,2024-04-07 13:27:06.231875
IQ-04224,productivity,,88.2,55.5,hours,0,1,2020-11-27 02:06:31.174228
IQ-04240,productivity,,86.3,45.3,hours,1,0,2022-06-29 23:49:35.111133
IQ-04243,productivity,,10.6,4.8,hours,1,0,2022-11-11 05:05:18.431785
IQ-04246,productivity,,15.6,12.1,hours,1,0,2023-09-19 04:21:46.015104
IQ-04249,productivity,,26.1,15.5,hours,1,0,2020-10-13 02:48:57.577214
IQ-04273,productivity,,1978.1,1730.8,hours,0,0,2024-04-17 16:54:05.763136
IQ-04278,productivity,,171.6,88.6,hours,0,0,2023-01-22 13:22:57.577750
IQ-04293,productivity,,157.8,95.9,hours,1,0,2024-12-12 17:08:17.403189
IQ-04312,productivity,,322.6,249.4,hours,0,0,2020-02-03 14:47:57.236743
IQ-04330,productivity,,73.0,46.9,hours,0,0,2024-08-01 12:10:43.311057
IQ-04351,productivity,,24.6,28.6,hours,0,0,2025-07-04 00:39:25.564800
IQ-04358,productivity,,43.0,21.6,hours,1,0,2023-03-30 17:01:22.497647
IQ-04363,productivity,,84.5,58.1,hours,1,0,2026-07-04 03:18:02.544035
IQ-04366,productivity,,504.7,403.7,hours,1,0,2022-08-27 10:35:10.180218
IQ-04369,productivity,,78.0,55.5,hours,0,0,2023-12-25 10:32:27.986264
IQ-04399,productivity,,91.2,103.6,hours,0,0,2026-07-04 19:49:30.238405
IQ-04401,productivity,,403.7,186.8,hours,0,0,2019-10-26 04:22:41.085436
IQ-04404,productivity,,24.6,28.0,hours,1,0,2025-10-30 03:34:22.151459
IQ-04405,productivity,,19.0,14.7,hours,0,0,2021-03-24 08:56:56.830497
IQ-04425,productivity,,,,hours,0,0,2022-10-17 12:11:04.995666
IQ-04431,productivity,,28.6,23.1,hours,0,0,2024-12-28 12:03:00.094890
IQ-04449,productivity,,14.3,11.8,hours,0,0,2026-02-25 04:18:34.781997
IQ-04460,productivity,,101.5,45.3,hours,1,0,2021-08-02 06:09:21.841312
IQ-04461,productivity,,255.4,248.0,hours,1,0,2022-01-07 13:07:46.584387
IQ-04462,productivity,,15.7,12.1,hours,1,0,2024-12-28 05:32:37.431121
IQ-04465,productivity,,282.4,307.8,hours,0,0,2022-11-14 23:39:58.991288
IQ-04467,productivity,,36.7,40.4,hours,0,0,2026-02-11 08:48:31.463795
IQ-04471,productivity,,120.1,106.2,hours,1,0,2023-05-11 23:09:15.504332
IQ-04476,productivity,,67.6,65.4,hours,0,1,2020-05-18 19:54:58.748202
IQ-04479,productivity,,7.5,2.8,hours,0,0,2022-06-09 08:41:03.458126
IQ-04484,productivity,,68.0,53.3,hours,0,0,2023-05-02 13:20:10.119676
IQ-04486,productivity,,9.2,7.9,hours,0,0,2026-03-17 05:47:45.915838
IQ-04493,productivity,,59.9,56.8,hours,0,1,2025-11-03 01:49:19.287455
IQ-04501,productivity,,570.4,473.4,hours,1,0,2021-03-04 02:58:24.975979
IQ-04503,productivity,,32.5,21.1,hours,0,0,2021-07-24 00:56:38.859236
IQ-04507,productivity,,52.7,33.3,hours,0,0,2024-06-24 13:59:03.095262
IQ-04509,productivity,,47.0,37.0,hours,0,0,2020-09-05 19:47:05.079382
IQ-04524,productivity,,41.5,37.0,hours,0,0,2025-06-13 19:00:33.941049
IQ-04535,productivity,,882.8,1153.4,hours,0,0,2022-06-09 06:57:05.291894
IQ-04538,productivity,,57.1,59.8,hours,0,0,2020-08-01 21:46:00.847673
IQ-04550,productivity,,50.9,44.0,hours,0,0,2021-06-11 23:15:07.982845
IQ-04573,productivity,,36.4,34.0,hours,0,0,2025-08-29 01:40:34.561423
IQ-04581,productivity,,30.0,12.7,hours,0,0,2022-10-08 02:10:46.863480
IQ-04584,productivity,,18.4,11.5,hours,0,1,2025-10-14 20:20:23.334105
IQ-04588,productivity,,148.7,124.1,hours,0,0,2026-02-09 21:11:41.672662
IQ-04593,productivity,,55.1,52.3,hours,1,1,2024-06-16 10:41:47.371710
IQ-04601,productivity,,63.5,9.5,hours,0,0,2026-04-06 04:51:27.241469
IQ-04621,productivity,,40.7,42.7,hours,0,0,2022-03-01 08:40:44.038435
IQ-04632,productivity,,230.2,150.6,hours,0,0,2020-04-16 11:01:29.063246
IQ-04642,productivity,,27.4,15.5,hours,1,0,2024-02-07 00:30:12.450622
IQ-04643,productivity,,661.9,400.5,hours,0,0,2020-09-13 16:12:44.830700
IQ-04647,productivity,,41.1,45.4,hours,0,1,2021-10-26 07:07:48.215869
IQ-04660,productivity,,93.4,58.5,hours,1,0,2023-05-09 03:06:55.931296
IQ-04665,productivity,,28.7,28.8,hours,1,0,2026-07-18 22:14:19.280567
IQ-04683,productivity,,52.5,20.8,hours,1,0,2024-07-03 13:46:01.583540
IQ-04695,productivity,,176.9,115.7,hours,0,0,2024-12-30 10:57:59.748188
IQ-04705,productivity,,132.0,96.4,hours,0,0,2020-04-27 00:19:34.434775
IQ-04710,productivity,,222.1,237.2,hours,0,0,2022-03-30 20:42:08.617852
IQ-04714,productivity,,794.8,903.6,hours,0,0,2024-06-04 20:11:43.191431
IQ-04721,productivity,,220.3,193.7,hours,1,0,2022-12-09 01:44:48.747504
IQ-04735,productivity,,69.2,70.0,hours,1,0,2024-10-14 15:48:02.635237
IQ-04747,productivity,,19.6,11.8,hours,0,0,2021-04-23 07:20:08.554160
IQ-04765,productivity,,19.4,21.7,hours,0,1,2021-09-05 14:43:10.511980
IQ-04779,productivity,,83.2,46.7,hours,0,0,2025-02-12 10:31:48.726863
IQ-04780,productivity,,96.4,122.3,hours,0,0,2022-09-26 03:33:06.404642
IQ-04785,productivity,,71.7,56.4,hours,1,0,2021-03-30 00:11:35.881110
IQ-04789,productivity,,56.8,40.2,hours,0,0,2021-09-07 09:35:52.503033
IQ-04790,productivity,,13.2,15.0,hours,0,0,2026-03-13 03:38:58.354168
IQ-04793,productivity,,42.6,23.0,hours,0,0,2026-04-14 06:03:16.879868
IQ-04794,productivity,,250.6,168.1,hours,0,0,2022-07-29 09:54:03.272527
IQ-04803,productivity,,404.8,165.9,hours,1,0,2021-02-18 10:32:29.216760
IQ-04820,productivity,,304.9,196.3,hours,0,1,2020-09-02 12:27:01.936145
IQ-04828,productivity,,129.2,120.6,hours,0,1,2022-06-04 03:32:56.506783
IQ-04835,productivity,,4.0,2.7,hours,1,0,2022-10-22 08:10:47.845706
IQ-04844,productivity,,40.0,38.3,hours,1,0,2026-03-21 04:16:00.659713
IQ-04863,productivity,,234.4,259.5,hours,0,0,2021-09-07 05:49:00.436181
IQ-04865,productivity,,47.5,40.3,hours,1,0,2024-03-27 03:39:35.417026
IQ-04869,productivity,,49.7,46.8,hours,0,0,2022-10-14 14:58:35.412884
IQ-04881,productivity,,98.6,110.0,hours,0,0,2023-09-08 00:44:46.053129
IQ-04883,productivity,,25.6,20.6,hours,0,0,2021-01-02 11:47:41.826599
IQ-04891,productivity,,21.6,12.9,hours,1,0,2025-07-20 07:15:11.912877
IQ-04909,productivity,,117.7,63.2,hours,1,1,2026-01-30 03:17:51.032185
IQ-04918,productivity,,708.7,309.7,hours,1,0,2025-06-11 02:38:55.992648
IQ-04925,productivity,,66.7,67.4,hours,1,0,2020-05-09 18:30:48.477674
IQ-04929,productivity,,110.6,16.6,hours,1,0,2026-01-28 17:09:55.710353
IQ-04930,productivity,,47.0,45.1,hours,0,0,2022-06-15 05:59:58.632046
IQ-04945,productivity,,234.6,35.2,hours,0,0,2026-06-04 07:26:56.635725
IQ-04950,productivity,,49.6,53.8,hours,1,0,2022-03-08 05:34:45.850591
IQ-04956,productivity,,63.6,25.9,hours,0,0,2019-09-09 23:35:15.231227
IQ-04957,productivity,,32.4,12.7,hours,0,0,2023-08-20 23:07:24.538017
IQ-04983,productivity,,369.3,327.8,hours,1,0,2025-01-10 19:56:29.989030
IQ-04985,productivity,,24.3,21.1,hours,0,1,2022-12-15 08:53:07.388105
IQ-04991,productivity,,39.5,39.4,hours,0,0,2024-08-09 16:54:31.269252
IQ-04992,productivity,,466.1,410.4,hours,1,0,2021-11-30 16:09:26.456585
IQ-04997,productivity,,58.6,44.5,hours,1,0,2024-06-06 22:20:07.107314
IQ-05002,productivity,,84.1,42.1,hours,0,0,2026-07-13 08:40:11.122098
IQ-05003,productivity,,24.5,18.5,hours,0,0,2023-02-19 19:25:23.795026
IQ-05014,productivity,,86.9,78.3,hours,1,0,2020-09-19 05:25:27.113853
IQ-05018,productivity,,225.2,147.1,hours,1,0,2022-05-14 03:33:55.753760
IQ-05022,productivity,,37.4,29.2,hours,1,1,2020-08-23 06:36:56.719962
IQ-05024,productivity,,35.6,29.5,hours,0,0,2025-11-09 01:58:25.103840
IQ-05046,productivity,,109.4,96.6,hours,1,0,2024-08-21 04:40:09.364763
IQ-05047,productivity,,150.9,45.8,hours,0,1,2025-10-19 18:46:36.974751
IQ-05055,productivity,,37.8,18.7,hours,0,0,2026-01-22 02:01:37.812480
IQ-05061,productivity,,24.6,21.8,hours,0,0,2020-08-18 11:56:15.324861
IQ-05066,productivity,,84.7,59.9,hours,0,0,2025-06-07 02:58:00.537481
IQ-05068,productivity,,17069.6,13658.3,hours,0,0,2025-04-14 10:05:34.029888
IQ-05073,productivity,,619.8,499.7,hours,0,0,2024-07-07 06:07:52.478608
IQ-05077,productivity,,17.9,24.0,hours,0,0,2025-10-02 21:04:52.334096
IQ-05083,productivity,,290.3,121.7,hours,0,0,2024-12-27 22:37:05.208931
IQ-05084,productivity,,5.9,2.8,hours,0,0,2025-02-11 02:36:57.554988
IQ-05100,productivity,,30.3,8.0,hours,1,0,2026-02-17 20:51:58.160523
IQ-05104,productivity,,198.0,171.5,hours,1,0,2020-04-03 07:23:59.916517
IQ-05107,productivity,,67.4,36.1,hours,0,0,2022-04-16 21:30:38.297803
IQ-05108,productivity,,115.5,53.5,hours,1,0,2024-10-05 04:56:38.488568
IQ-05112,productivity,,29.7,28.6,hours,1,0,2023-04-29 07:29:57.164109
IQ-05118,productivity,,213.5,223.7,hours,1,0,2025-02-16 00:41:50.688956
IQ-05126,productivity,,66.5,81.4,hours,0,0,2024-06-28 05:48:59.263358
IQ-05132,productivity,,272.3,303.1,hours,0,0,2025-01-06 17:02:34.752174
IQ-05141,productivity,,203.3,133.8,hours,0,0,2023-08-20 09:06:25.150981
IQ-05154,productivity,,173.1,88.1,hours,1,0,2025-09-30 04:41:30.248922
IQ-05155,productivity,,95.6,75.0,hours,0,0,2022-08-21 21:36:00.955535
IQ-05163,productivity,,40.6,35.4,hours,1,1,2020-06-20 06:22:33.923055
IQ-05175,productivity,,31.7,36.3,hours,0,0,2023-05-30 18:53:03.734621
IQ-05191,productivity,,275.0,149.6,hours,0,0,2023-10-23 12:09:43.370611
IQ-05202,productivity,,53.8,41.4,hours,1,0,2023-12-12 18:41:56.620159
IQ-05205,productivity,,69.7,75.0,hours,1,0,2026-06-02 12:54:48.406836
IQ-05210,productivity,,37.9,29.7,hours,0,0,2026-02-06 11:32:05.224296
IQ-05212,productivity,,191.9,236.1,hours,0,0,2025-05-27 05:23:33.215697
IQ-05221,productivity,,329.7,284.9,hours,1,0,2020-10-02 02:20:38.598090
IQ-05229,productivity,,67.1,50.0,hours,0,0,2022-11-30 00:28:12.652367
IQ-05239,productivity,,72.1,62.2,hours,0,0,2026-02-28 19:04:58.652373
IQ-05245,productivity,,29.5,27.8,hours,0,0,2022-08-14 21:00:48.858255
IQ-05256,productivity,,92.8,70.5,hours,0,0,2020-11-07 01:27:03.453518
IQ-05289,productivity,,15.0,14.8,hours,1,0,2022-11-13 22:02:28.554570
IQ-05311,productivity,,50.9,47.4,hours,0,0,2019-07-14 10:04:00.129413
IQ-05321,productivity,,44.8,39.5,hours,1,0,2022-03-25 11:18:14.182695
IQ-05331,productivity,,,,hours,0,0,2025-01-05 22:59:26.143999
IQ-05333,productivity,,82.5,106.7,hours,1,0,2023-06-24 19:40:53.547959
IQ-05335,productivity,,39.2,31.5,hours,1,0,2023-11-14 22:47:34.136576
IQ-05338,productivity,,17.6,18.3,hours,0,0,2025-06-08 05:38:32.424138
IQ-05339,productivity,,180.2,183.1,hours,0,1,2024-12-01 14:40:24.642246
IQ-05347,productivity,,210.1,189.0,hours,0,0,2025-04-28 10:23:44.736878
IQ-05360,productivity,,30.4,21.5,hours,1,0,2025-06-10 23:54:42.928307
IQ-05362,productivity,,254.5,297.7,hours,0,0,2022-10-01 13:44:39.758595
IQ-05366,productivity,,65.4,53.7,hours,1,0,2026-02-27 11:45:18.980394
IQ-05372,productivity,,155.1,161.6,hours,0,0,2024-03-28 23:42:01.819006
IQ-05373,productivity,,53.6,51.9,hours,1,0,2022-02-01 10:57:13.192862
IQ-05375,productivity,,22.4,8.2,hours,0,0,2020-12-02 03:47:05.953496
IQ-05389,productivity,,204.6,177.1,hours,1,0,2021-11-25 15:29:58.924644
IQ-05390,productivity,,79.0,41.1,hours,0,1,2023-03-24 17:36:16.567481
IQ-05396,productivity,,207.5,31.1,hours,1,0,2025-10-29 13:19:35.619122
IQ-05420,productivity,,57.0,73.9,hours,1,1,2026-05-16 03:25:41.195298
IQ-05427,productivity,,209.6,185.0,hours,1,0,2022-07-04 22:41:30.237251
IQ-05431,productivity,,27.5,14.0,hours,1,0,2024-10-10 09:36:52.806536
IQ-05434,productivity,,68.8,58.7,hours,0,0,2025-12-01 22:11:56.661979
IQ-05436,productivity,,118.6,53.9,hours,0,0,2021-12-18 05:07:11.263871
IQ-05456,productivity,,353.7,53.1,hours,1,0,2023-03-21 10:17:16.680387
IQ-05462,productivity,,78.7,35.9,hours,0,1,2021-12-29 21:47:18.528653
IQ-05470,productivity,,34.7,33.2,hours,0,0,2023-09-01 17:02:20.934655
IQ-05471,productivity,,8.8,6.0,hours,0,0,2025-02-20 12:23:15.901755
IQ-05472,productivity,,109.4,88.9,hours,0,1,2026-06-17 17:34:00.776405
IQ-05474,productivity,,343.2,330.0,hours,0,0,2021-11-03 06:50:51.228119
IQ-05476,productivity,,5.2,2.4,hours,0,0,2020-10-23 16:21:25.718055
IQ-05478,productivity,,245.8,219.8,hours,0,0,2021-03-25 22:08:45.672052
IQ-05491,productivity,,67.8,38.5,hours,0,0,2025-01-30 19:11:27.627069
IQ-05503,productivity,,133.4,192.6,hours,1,0,2020-02-22 02:51:02.431776
IQ-05504,productivity,,160.7,78.6,hours,1,1,2026-05-12 02:31:42.530991
IQ-05505,productivity,,359.3,117.9,hours,1,0,2025-05-26 09:56:37.816414
IQ-05521,productivity,,85.2,82.0,hours,0,1,2025-10-14 18:13:19.605290
IQ-05524,productivity,,93.2,86.6,hours,0,0,2021-01-22 22:54:29.939650
IQ-05525,productivity,,236.6,171.5,hours,1,0,2023-01-12 21:36:39.567149
IQ-05526,productivity,,94.5,33.3,hours,0,0,2021-04-24 21:48:08.247640
IQ-05527,productivity,,25.7,13.0,hours,0,0,2025-05-31 03:47:39.930457
IQ-05532,productivity,,27.7,29.0,hours,1,0,2022-04-12 21:55:15.871188
IQ-05537,productivity,,95.0,117.6,hours,0,0,2020-10-19 07:49:44.909086
IQ-05549,productivity,,200.7,69.9,hours,0,0,2020-03-17 15:37:43.095398
IQ-05550,productivity,,102.4,66.3,hours,0,0,2024-12-31 01:00:56.758959
IQ-05552,productivity,,423.9,340.4,hours,1,0,2023-09-01 17:15:04.862096
IQ-05553,productivity,,177.2,128.9,hours,0,1,2025-08-17 18:02:45.299412
IQ-05573,productivity,,195.7,71.3,hours,0,1,2024-06-13 01:52:11.584427
IQ-05589,productivity,,185.9,145.9,hours,1,0,2025-12-17 03:57:37.441129
IQ-05590,productivity,,48.7,53.0,hours,1,0,2023-08-06 00:40:19.006400
IQ-05592,productivity,,10.0,4.6,hours,1,0,2026-05-31 00:55:28.126242
IQ-05597,productivity,,1366.4,903.5,hours,0,0,2024-04-06 20:59:01.839781
IQ-05607,productivity,,27.6,29.1,hours,1,0,2024-02-11 11:23:44.260938
IQ-05615,productivity,,159.9,148.2,hours,0,0,2019-10-13 01:06:06.423183
IQ-05620,productivity,,4.0,4.0,hours,0,0,2024-08-05 10:12:42.252036
IQ-05632,productivity,,39.0,37.1,hours,0,1,2023-06-05 08:16:23.228464
IQ-05635,productivity,,29.0,36.5,hours,0,0,2025-08-29 17:24:51.430415
IQ-05637,productivity,,118.9,78.1,hours,0,0,2023-02-01 21:14:27.287496
IQ-05649,productivity,,21.0,8.2,hours,0,0,2025-01-11 03:04:13.951164
IQ-05662,productivity,,4.0,3.5,hours,0,0,2021-02-04 11:46:52.739525
IQ-05675,productivity,,85.9,52.2,hours,1,0,2021-07-23 21:11:10.208660
IQ-05677,productivity,,35.1,35.0,hours,0,0,2022-09-20 17:21:26.089488
IQ-05683,productivity,,237.6,129.3,hours,0,0,2022-12-01 17:37:44.341244
IQ-05688,productivity,,20.9,5.0,hours,1,0,2022-09-24 19:27:36.701305
IQ-05705,productivity,,34.1,26.1,hours,0,0,2021-02-02 17:12:19.844528
IQ-05714,productivity,,96.3,79.8,hours,0,0,2023-06-02 17:18:01.809041
IQ-05731,productivity,,13.6,8.5,hours,1,0,2024-07-23 11:01:20.348849
IQ-05733,productivity,,358.7,216.2,hours,0,0,2023-07-20 14:26:48.708881
IQ-05749,productivity,,99.0,38.3,hours,1,1,2025-10-25 04:42:16.877146
IQ-05773,productivity,,258.0,128.4,hours,1,0,2023-06-18 21:49:09.075799
IQ-05783,productivity,,16.9,16.2,hours,1,0,2025-02-23 19:28:37.760428
IQ-05789,productivity,,72.0,57.6,hours,1,0,2025-09-18 02:41:02.681203
IQ-05790,productivity,,405.7,292.1,hours,0,0,2023-12-23 00:41:21.628483
IQ-05791,productivity,,65.1,30.0,hours,0,0,2025-06-27 15:03:31.044016
IQ-05797,productivity,,97.0,74.1,hours,0,0,2024-07-25 08:31:27.391727
IQ-05799,productivity,,35.2,32.1,hours,0,0,2026-07-23 18:31:07.848440
IQ-05810,productivity,,108.1,77.3,hours,1,0,2023-08-21 07:08:26.244291
IQ-05812,productivity,,1011.3,426.4,hours,0,0,2025-06-01 00:17:10.124595
IQ-05819,productivity,,114.0,99.4,hours,0,0,2026-04-20 23:09:05.368152
IQ-05820,productivity,,91.8,79.0,hours,0,0,2023-11-08 14:22:23.320040
IQ-05821,productivity,,153.4,93.4,hours,0,0,2026-07-29 11:07:01.960641
IQ-05831,productivity,,398.5,224.5,hours,0,1,2023-03-01 03:09:53.642229
IQ-05839,productivity,,45.6,47.6,hours,0,1,2021-10-15 22:29:59.081433
IQ-05841,productivity,,665.3,771.8,hours,0,0,2022-02-14 04:28:05.058448
IQ-05842,productivity,,256.0,89.9,hours,0,1,2024-01-31 00:23:23.725949
IQ-05857,productivity,,575.1,479.3,hours,1,0,2021-03-01 13:35:37.218778
IQ-05863,productivity,,78.7,55.7,hours,0,0,2022-07-01 07:30:26.900792
IQ-05866,productivity,,85.3,69.8,hours,0,0,2023-10-03 01:33:12.769549
IQ-05870,productivity,,6.2,6.6,hours,0,0,2022-12-31 13:40:01.782169
IQ-05873,productivity,,6.7,3.1,hours,0,0,2021-12-01 03:43:40.545657
IQ-05877,productivity,,28.2,18.6,hours,1,0,2023-03-04 21:24:29.981299
IQ-05887,productivity,,198.0,91.7,hours,0,1,2019-08-03 15:48:58.461532
IQ-05888,productivity,,71.6,65.2,hours,1,0,2021-04-22 15:39:33.329688
IQ-05893,productivity,,131.2,107.0,hours,1,0,2021-07-13 13:52:09.464324
IQ-05896,productivity,,60.1,41.5,hours,1,0,2025-09-13 21:33:52.296744
IQ-05906,productivity,,223.8,148.2,hours,1,0,2023-03-25 01:54:11.528547
IQ-05909,productivity,,49.1,64.1,hours,0,0,2023-04-30 23:33:13.781043
IQ-05915,productivity,,51.8,27.4,hours,1,0,2021-12-16 11:39:03.691279
IQ-05920,productivity,,15.6,13.6,hours,1,0,2025-11-28 07:02:41.048201
IQ-05922,productivity,,127.9,122.5,hours,0,0,2023-05-18 14:13:00.238958
IQ-05927,productivity,,92.8,16.7,hours,0,0,2019-10-13 19:32:23.093697
IQ-05936,productivity,,,,hours,0,0,2026-01-10 19:22:31.104802
IQ-05940,productivity,,486.1,278.3,hours,0,0,2025-04-20 08:40:30.946404
IQ-05941,productivity,,10.0,6.4,hours,0,0,2023-08-26 16:50:34.088727
IQ-05980,productivity,,129.7,150.9,hours,1,0,2021-12-07 19:46:15.011464
IQ-05985,productivity,,44.8,30.8,hours,0,0,2022-07-14 05:34:18.294371
IQ-05995,productivity,,127.1,161.6,hours,1,1,2025-02-10 16:27:41.307040
IQ-06009,productivity,,24.0,13.9,hours,0,0,2024-04-25 21:57:22.685052
IQ-06011,productivity,,147.2,138.8,hours,1,0,2025-06-13 18:57:17.540033
IQ-06012,productivity,,52.6,34.4,hours,0,0,2026-01-30 18:22:25.420982
IQ-06014,productivity,,22.3,10.9,hours,0,0,2026-04-10 22:34:39.838985
IQ-06017,productivity,,15.6,20.9,hours,1,0,2021-08-12 05:13:07.874567
IQ-06027,productivity,,9.3,7.0,hours,1,0,2024-06-12 02:39:23.418673
IQ-06042,productivity,,706.4,434.4,hours,0,0,2019-07-18 23:12:39.427711
IQ-06055,productivity,,40.3,34.7,hours,0,0,2021-01-28 00:55:36.855280
IQ-06056,productivity,,19.3,14.8,hours,0,0,2024-06-03 20:12:41.777833
IQ-06071,productivity,,335.6,321.7,hours,1,0,2022-07-11 13:04:49.688763
IQ-06076,productivity,,360.0,411.0,hours,1,0,2022-03-22 06:42:36.272852
IQ-06078,productivity,,24.0,13.0,hours,0,0,2021-10-30 12:54:35.599939
IQ-06079,productivity,,120.8,130.5,hours,0,1,2025-12-04 23:57:38.482436
IQ-06080,productivity,,137.3,52.3,hours,0,1,2026-04-22 22:00:09.721357
IQ-06087,productivity,,156.5,77.8,hours,1,0,2025-09-16 18:55:31.074933
IQ-06093,productivity,,74.0,53.1,hours,0,0,2022-03-10 19:33:48.973749
IQ-06097,productivity,,263.1,227.7,hours,1,0,2026-06-21 04:06:48.803014
IQ-06102,productivity,,385.6,224.0,hours,0,0,2022-07-05 20:56:10.830548
IQ-06104,productivity,,121.6,157.2,hours,0,0,2026-05-17 13:15:41.160717
IQ-06108,productivity,,30.6,20.9,hours,0,1,2022-10-08 17:15:52.981530
IQ-06112,productivity,,35.4,45.0,hours,0,0,2025-11-18 23:34:32.371900
IQ-06120,productivity,,31.2,22.6,hours,0,0,2024-03-27 10:39:07.989082
IQ-06121,productivity,,119.1,77.5,hours,1,0,2023-08-30 17:21:42.418558
IQ-06124,productivity,,68.4,46.5,hours,1,0,2022-06-12 21:40:34.912089
IQ-06150,productivity,,410.4,376.5,hours,0,0,2026-02-02 04:03:06.553932
IQ-06151,productivity,,541.8,397.8,hours,0,0,2026-05-21 16:55:00.119837
IQ-06152,productivity,,8.8,8.0,hours,0,1,2026-06-04 09:05:37.152084
IQ-06154,productivity,,231.8,260.5,hours,1,0,2020-08-17 13:54:22.003461
IQ-06165,productivity,,157.7,225.1,hours,0,1,2024-02-21 16:52:28.431300
IQ-06168,productivity,,228.6,226.2,hours,1,0,2026-05-16 04:42:22.164221
IQ-06187,productivity,,349.5,326.1,hours,0,0,2022-04-10 02:25:26.812889
IQ-06191,productivity,,559.7,565.2,hours,0,0,2021-04-28 11:02:01.109773
IQ-06208,productivity,,979.4,729.0,hours,1,0,2025-09-29 16:21:21.545915
IQ-06213,productivity,,50.7,48.4,hours,1,0,2023-04-15 04:07:17.286071
IQ-06218,productivity,,17.0,7.1,hours,0,0,2025-03-04 07:05:52.902197
IQ-06223,productivity,,95.7,94.2,hours,0,0,2024-05-29 20:45:51.961346
IQ-06239,productivity,,73.3,34.1,hours,1,0,2026-03-02 19:08:56.468390
IQ-06240,productivity,,509.3,367.6,hours,0,0,2025-01-26 17:31:41.082734
IQ-06243,productivity,,17.7,16.8,hours,0,0,2025-03-13 18:52:28.679611
IQ-06244,productivity,,56.1,31.8,hours,0,0,2022-12-29 05:12:58.987013
IQ-06257,productivity,,8.0,5.2,hours,0,0,2025-11-12 14:40:43.882619
IQ-06268,productivity,,53.7,46.1,hours,0,0,2021-10-23 11:19:47.292579
IQ-06276,productivity,,81.4,66.1,hours,1,0,2021-06-19 01:00:56.480409
IQ-06277,productivity,,1211.5,1090.4,hours,0,0,2025-09-12 08:22:19.593813
IQ-06278,productivity,,110.4,45.6,hours,1,0,2023-09-09 15:01:47.685897
IQ-06282,productivity,,34.0,6.5,hours,1,0,2020-08-18 19:22:54.856215
IQ-06322,productivity,,79.9,34.8,hours,0,0,2021-11-26 04:14:03.056555
IQ-06330,productivity,,21.2,3.2,hours,1,0,2023-01-26 10:43:35.318349
IQ-06332,productivity,,50.2,59.9,hours,0,0,2021-12-01 14:29:30.819556
IQ-06341,productivity,,298.7,127.8,hours,0,1,2023-09-19 01:39:21.662090
IQ-06355,productivity,,211.6,100.4,hours,1,0,2025-07-07 07:21:58.363120
IQ-06365,productivity,,92.8,84.2,hours,0,0,2026-06-16 21:02:18.790856
IQ-06373,productivity,,34.5,26.4,hours,0,0,2022-06-20 01:21:03.954634
IQ-06376,productivity,,51.6,27.9,hours,0,0,2022-04-18 01:52:53.382473
IQ-06379,productivity,,659.1,498.1,hours,1,1,2020-09-08 03:11:55.515968
IQ-06380,productivity,,60.2,59.9,hours,0,0,2022-09-08 05:51:45.999120
IQ-06383,productivity,,234.8,149.1,hours,1,0,2025-11-01 13:25:00.413256
IQ-06385,productivity,,53.6,59.7,hours,0,0,2020-09-11 11:56:41.573952
IQ-06387,productivity,,159.0,148.6,hours,0,0,2025-03-06 16:31:58.468722
IQ-06397,productivity,,171.9,102.9,hours,0,0,2025-01-28 20:35:47.725733
IQ-06400,productivity,,13.9,10.4,hours,0,0,2022-08-03 20:22:44.521140
IQ-06409,productivity,,29.5,21.5,hours,0,0,2026-02-17 14:05:31.903328
IQ-06433,productivity,,155.5,120.3,hours,0,0,2021-06-03 09:59:31.929725
IQ-06462,productivity,,78.2,69.3,hours,0,0,2023-04-04 18:52:54.200005
IQ-06478,productivity,,160.5,63.0,hours,1,0,2024-12-14 13:09:58.196234
IQ-06494,productivity,,128.5,141.8,hours,0,0,2023-05-14 03:50:17.378215
IQ-06497,productivity,,300.8,195.1,hours,0,0,2023-05-28 12:42:18.413218
IQ-06503,productivity,,321.4,368.0,hours,0,0,2020-09-10 08:09:17.838011
IQ-06517,productivity,,75.3,61.8,hours,0,0,2020-03-17 10:17:11.328582
IQ-06525,productivity,,46.9,49.2,hours,0,0,2021-09-13 21:46:51.880606
IQ-06528,productivity,,227.2,164.6,hours,0,0,2022-02-26 09:03:46.804441
IQ-06536,productivity,,15.6,14.7,hours,0,0,2022-09-17 18:35:12.907168
IQ-06554,productivity,,431.3,292.6,hours,1,0,2022-01-05 20:55:28.036240
IQ-06559,productivity,,72.0,47.9,hours,1,0,2025-04-15 02:36:15.527340
IQ-06560,productivity,,14.1,12.5,hours,0,0,2021-06-28 18:00:12.887908
IQ-06561,productivity,,107.8,46.4,hours,0,1,2024-08-11 10:38:33.481414
IQ-06562,productivity,,1704.0,1487.2,hours,0,0,2023-07-11 20:07:38.851105
IQ-06563,productivity,,229.4,180.4,hours,1,0,2022-12-31 01:30:12.101737
IQ-06569,productivity,,15.4,18.7,hours,1,0,2026-01-14 04:26:18.031658
IQ-06570,productivity,,86.8,45.4,hours,1,0,2024-05-07 00:46:05.089689
IQ-06572,productivity,,160.4,78.7,hours,1,0,2021-03-03 17:19:22.294725
IQ-06574,productivity,,60.8,40.2,hours,0,0,2025-01-26 09:47:17.111141
IQ-06575,productivity,,353.4,344.8,hours,0,0,2023-03-27 18:31:40.463614
IQ-06582,productivity,,220.1,267.1,hours,1,0,2024-12-26 09:24:37.230294
IQ-06608,productivity,,21.7,3.4,hours,0,0,2020-08-18 23:16:15.853128
IQ-06632,productivity,,407.7,454.1,hours,0,0,2026-06-24 21:41:40.719684
IQ-06647,productivity,,23.7,24.7,hours,0,0,2026-05-14 20:48:08.953617
IQ-06648,productivity,,139.8,133.1,hours,1,0,2025-02-01 21:49:36.908336
IQ-06651,productivity,,285.4,193.3,hours,0,0,2021-09-24 07:07:14.004117
IQ-06654,productivity,,43.8,40.6,hours,0,0,2023-01-27 19:01:02.040449
IQ-06656,productivity,,71.3,46.7,hours,0,0,2020-10-13 22:20:12.828443
IQ-06667,productivity,,94.0,76.8,hours,0,0,2019-10-07 19:29:26.388188
IQ-06668,productivity,,905.1,553.1,hours,0,0,2024-02-25 19:34:49.463447
IQ-06680,productivity,,56.9,54.0,hours,0,0,2022-12-25 14:50:43.708900
IQ-06687,productivity,,221.9,123.2,hours,0,0,2025-05-01 12:14:52.760118
IQ-06695,productivity,,468.4,544.4,hours,1,0,2022-06-09 12:00:40.858443
IQ-06701,productivity,,56.9,68.5,hours,0,0,2023-04-05 10:14:15.766706
IQ-06706,productivity,,371.1,238.2,hours,0,0,2024-03-29 22:33:50.885805
IQ-06709,productivity,,188.9,193.9,hours,0,0,2020-02-19 17:35:08.168052
IQ-06711,productivity,,402.5,347.0,hours,0,0,2024-10-19 07:53:51.131141
IQ-06724,productivity,,40.4,29.8,hours,0,0,2024-09-19 19:34:56.461868
IQ-06725,productivity,,18.7,24.7,hours,0,0,2025-09-11 08:44:23.503698
IQ-06730,productivity,,186.4,144.0,hours,1,0,2026-01-24 19:05:23.364523
IQ-06736,productivity,,84.5,109.4,hours,0,0,2024-09-08 19:35:15.379294
IQ-06748,productivity,,140.9,169.3,hours,1,0,2024-05-31 15:09:37.272918
IQ-06749,productivity,,98.7,70.6,hours,1,0,2020-12-30 10:48:17.245952
IQ-06753,productivity,,6.0,3.9,hours,0,0,2023-05-30 05:39:12.478589
IQ-06756,productivity,,143.4,128.8,hours,0,0,2024-09-04 02:03:53.834066
IQ-06761,productivity,,4.0,2.4,hours,1,0,2024-02-09 00:30:21.335078
IQ-06764,productivity,,987.1,905.4,hours,0,0,2026-05-12 18:40:50.345042
IQ-06771,productivity,,100.6,95.0,hours,0,0,2019-04-18 20:25:15.750450
IQ-06772,productivity,,924.0,751.9,hours,0,0,2024-05-22 19:43:22.940374
IQ-06784,productivity,,5.6,4.4,hours,0,0,2023-08-10 01:51:46.667720
IQ-06787,productivity,,38.3,35.2,hours,0,0,2022-12-10 19:54:25.543796
IQ-06790,productivity,,31.1,24.9,hours,0,0,2019-09-17 14:39:38.070771
IQ-06809,productivity,,17.4,10.0,hours,0,1,2024-10-31 10:53:06.747216
IQ-06811,productivity,,17.2,18.1,hours,0,0,2022-08-17 10:09:46.041038
IQ-06832,productivity,,266.0,228.0,hours,0,1,2023-12-09 18:51:15.291022
IQ-06837,productivity,,40.6,20.6,hours,0,0,2026-01-10 18:39:48.891186
IQ-06838,productivity,,141.1,116.7,hours,0,1,2022-07-14 10:19:52.298301
IQ-06849,productivity,,26.9,32.4,hours,1,0,2022-01-21 14:05:20.828833
IQ-06851,productivity,,13.5,8.9,hours,1,1,2022-06-21 21:02:04.950968
IQ-06857,productivity,,29.7,22.1,hours,0,0,2021-07-31 19:53:06.123742
IQ-06860,productivity,,13.8,11.0,hours,1,0,2025-12-03 11:04:49.764309
IQ-06864,productivity,,154.2,171.8,hours,0,0,2024-06-11 11:23:17.030768
IQ-06868,productivity,,453.1,470.6,hours,0,0,2025-11-07 18:32:38.620841
IQ-06872,productivity,,464.1,500.5,hours,1,0,2021-09-26 18:51:10.355221
IQ-06875,productivity,,74.3,68.9,hours,1,0,2024-03-01 12:36:25.939817
IQ-06876,productivity,,208.4,209.5,hours,1,0,2025-09-01 02:18:04.681824
IQ-06878,productivity,,207.5,241.5,hours,0,0,2023-09-07 22:57:12.989340
IQ-06884,productivity,,27.2,26.6,hours,0,0,2025-09-09 16:30:24.709774
IQ-06892,productivity,,38.3,22.7,hours,1,0,2022-06-20 07:54:35.665666
IQ-06923,productivity,,194.1,235.8,hours,1,0,2025-01-05 15:26:07.152577
IQ-06933,productivity,,75.4,35.2,hours,0,1,2025-12-03 08:32:16.412857
IQ-06937,productivity,,156.2,87.2,hours,0,0,2024-07-29 17:17:10.911791
IQ-06944,productivity,,13.1,6.3,hours,0,1,2025-02-06 16:19:08.309440
IQ-06952,productivity,,151.1,82.8,hours,0,0,2024-01-02 21:21:08.443600
IQ-06960,productivity,,,,hours,1,0,2026-05-11 11:28:56.504781
IQ-06963,productivity,,69.4,38.2,hours,0,0,2022-01-24 07:00:10.726048
IQ-06964,productivity,,553.5,348.3,hours,1,0,2022-09-02 22:35:49.904761
IQ-06973,productivity,,83.7,126.9,hours,0,0,2023-08-01 02:51:22.972748
IQ-06974,productivity,,407.3,468.9,hours,1,0,2024-01-29 19:11:36.839716
IQ-06992,productivity,,72.2,70.5,hours,0,0,2025-06-25 02:49:32.202808
IQ-07003,productivity,,182.1,85.1,hours,1,0,2023-06-25 09:32:19.929149
IQ-07004,productivity,,135.3,183.9,hours,0,0,2022-02-11 02:20:33.864996
IQ-07010,productivity,,89.6,115.0,hours,0,1,2024-02-07 08:44:58.397487
IQ-07017,productivity,,211.7,226.5,hours,1,0,2024-07-23 06:47:25.014634
IQ-07023,productivity,,2329.5,2938.5,hours,1,0,2021-10-30 17:07:08.154743
IQ-07027,productivity,,259.7,254.0,hours,0,0,2021-12-05 21:50:14.941869
IQ-07036,productivity,,73.3,58.7,hours,1,0,2022-11-07 11:02:18.606718
IQ-07039,productivity,,112.2,47.2,hours,0,0,2022-12-14 09:40:27.960035
IQ-07041,productivity,,34.3,26.0,hours,0,0,2022-09-07 21:19:06.227705
IQ-07048,productivity,,54.4,42.2,hours,0,0,2022-09-27 05:28:24.908286
IQ-07057,productivity,,178.1,218.1,hours,1,0,2025-12-09 03:41:23.885402
IQ-07071,productivity,,78.2,28.7,hours,0,0,2022-12-22 22:39:38.589908
IQ-07087,productivity,,35.3,28.9,hours,0,0,2022-03-22 05:07:02.022508
IQ-07088,productivity,,57.7,64.8,hours,1,0,2019-12-17 19:37:26.740697
IQ-07099,productivity,,63.1,47.8,hours,1,0,2020-07-29 04:15:26.680499
IQ-07116,productivity,,60.8,22.7,hours,1,0,2025-05-26 17:50:57.056853
IQ-07124,productivity,,19.9,11.6,hours,0,0,2023-04-10 22:17:50.010041
IQ-07129,productivity,,31.4,22.0,hours,0,0,2022-10-19 11:20:55.218692
IQ-07148,productivity,,43.6,43.3,hours,1,1,2024-05-19 14:37:31.617371
IQ-07149,productivity,,33.9,44.8,hours,0,0,2022-03-25 23:40:56.849130
IQ-07150,productivity,,35.5,25.6,hours,0,0,2025-12-11 17:04:21.650921
IQ-07151,productivity,,79.0,60.6,hours,0,0,2019-07-29 03:36:55.033553
IQ-07159,productivity,,18.6,15.4,hours,1,0,2025-11-13 02:55:09.784902
IQ-07162,productivity,,34.6,37.6,hours,0,0,2023-04-02 12:30:48.722561
IQ-07163,productivity,,6.3,5.8,hours,0,0,2023-06-13 11:03:23.393905
IQ-07167,productivity,,107.2,85.4,hours,0,0,2024-06-13 03:44:41.987228
IQ-07175,productivity,,158.4,141.5,hours,0,0,2022-06-21 21:40:37.486246
IQ-07183,productivity,,38.7,25.3,hours,0,0,2022-09-20 19:56:17.277703
IQ-07186,productivity,,398.0,328.2,hours,1,0,2021-06-09 23:40:00.977330
IQ-07197,productivity,,39.8,32.0,hours,0,0,2023-02-20 23:01:28.569513
IQ-07217,productivity,,25.9,22.0,hours,0,0,2024-08-18 06:58:48.371604
IQ-07226,productivity,,34.4,32.6,hours,1,0,2023-03-12 18:45:16.437281
IQ-07227,productivity,,612.0,318.4,hours,0,0,2022-06-08 20:46:26.981264
IQ-07235,productivity,,37.1,33.7,hours,0,0,2019-12-31 19:39:01.890802
IQ-07238,productivity,,219.7,70.9,hours,0,1,2021-03-28 03:47:27.494988
IQ-07243,productivity,,51.5,50.4,hours,1,0,2024-12-26 03:42:46.073057
IQ-07246,productivity,,31.4,46.9,hours,1,0,2024-12-08 19:19:55.372424
IQ-07252,productivity,,74.8,11.2,hours,0,0,2023-04-13 01:19:26.749184
IQ-07260,productivity,,51.6,33.8,hours,1,0,2023-03-27 16:26:50.979669
IQ-07263,productivity,,148.8,120.2,hours,0,1,2023-07-23 00:10:07.554766
IQ-07284,productivity,,61.9,72.6,hours,1,1,2023-11-03 20:21:20.620715
IQ-07316,productivity,,10.0,7.8,hours,0,0,2025-01-05 08:46:34.419680
IQ-07333,productivity,,1015.0,452.7,hours,1,0,2023-02-20 15:35:05.444262
IQ-07356,productivity,,52.4,42.5,hours,0,0,2022-06-08 17:50:50.768724
IQ-07360,productivity,,67.1,73.8,hours,0,1,2022-11-09 20:08:41.718505
IQ-07371,productivity,,143.6,127.2,hours,0,0,2019-05-29 21:15:30.048926
IQ-07378,productivity,,125.6,124.3,hours,0,0,2025-11-05 17:04:24.870402
IQ-07389,productivity,,38.8,28.4,hours,1,0,2019-08-12 21:30:00.307957
IQ-07399,productivity,,161.1,95.3,hours,1,0,2025-12-05 07:01:53.663074
IQ-07411,productivity,,51.3,55.8,hours,0,0,2024-02-08 21:21:25.926630
IQ-07421,productivity,,115.1,117.5,hours,0,0,2024-06-17 09:11:45.049951
IQ-07446,productivity,,23.4,15.4,hours,0,0,2025-10-12 07:24:40.750462
IQ-07448,productivity,,80.1,62.5,hours,0,0,2023-02-17 22:53:04.749541
IQ-07450,productivity,,265.8,229.9,hours,0,0,2024-01-11 00:55:25.573324
IQ-07469,productivity,,33.3,38.7,hours,1,0,2023-05-07 02:19:31.341446
IQ-07476,productivity,,60.8,49.5,hours,1,0,2020-08-16 01:58:56.669732
IQ-07483,productivity,,267.5,210.8,hours,1,0,2022-07-22 16:30:32.149114
IQ-07493,productivity,,128.9,170.7,hours,1,0,2024-10-28 08:18:41.348654
IQ-07501,productivity,,51.6,37.8,hours,0,0,2025-11-18 11:39:26.909173
IQ-07503,productivity,,40.6,39.2,hours,0,0,2021-04-22 06:56:59.094238
IQ-07506,productivity,,295.0,146.6,hours,0,0,2019-07-11 04:04:27.375330
IQ-07509,productivity,,126.4,37.4,hours,1,0,2025-01-26 15:50:12.553824
IQ-07517,productivity,,20.0,21.7,hours,0,0,2024-01-29 13:26:47.416200
IQ-07544,productivity,,351.6,329.1,hours,0,0,2025-07-21 06:24:16.611211
IQ-07545,productivity,,92.4,111.1,hours,0,0,2023-05-06 01:30:41.711492
IQ-07548,productivity,,70.3,99.9,hours,0,0,2021-03-17 14:48:15.289512
IQ-07562,productivity,,26.2,21.5,hours,0,0,2022-12-08 04:05:11.022419
IQ-07572,productivity,,50.7,67.1,hours,0,0,2021-02-23 02:14:12.530764
IQ-07590,productivity,,42.6,25.0,hours,0,0,2020-05-08 06:46:12.423758
IQ-07619,productivity,,176.0,123.0,hours,0,0,2024-12-20 11:09:18.343582
IQ-07632,productivity,,250000.0,354393.6,hours,0,0,2022-01-28 04:13:01.692739
IQ-07634,productivity,,104.2,58.8,hours,0,1,2024-02-04 14:30:25.455632
IQ-07635,productivity,,23.4,22.6,hours,1,0,2021-03-05 19:30:01.900683
IQ-07638,productivity,,202.6,131.9,hours,1,0,2023-08-22 19:21:04.685512
IQ-07649,productivity,,139.9,96.6,hours,0,0,2026-05-02 02:26:27.903328
IQ-07650,productivity,,770.1,409.8,hours,0,0,2020-04-20 01:15:25.972424
IQ-07655,productivity,,24.8,20.2,hours,0,0,2020-05-21 20:38:28.395964
IQ-07662,productivity,,58.4,14.6,hours,0,0,2025-08-02 10:10:13.646807
IQ-07668,productivity,,53.7,21.5,hours,0,0,2024-09-12 19:53:03.326887
IQ-07672,productivity,,55.3,38.7,hours,0,0,2026-04-07 04:38:59.733048
IQ-07678,productivity,,974.6,285.1,hours,0,0,2023-10-30 20:03:15.166128
IQ-07705,productivity,,77.4,96.3,hours,0,0,2024-07-04 07:16:43.816005
IQ-07709,productivity,,623.7,462.0,hours,1,1,2026-06-25 12:03:23.828552
IQ-07712,productivity,,18.3,8.7,hours,0,0,2025-12-10 22:47:28.521351
IQ-07716,productivity,,159.4,111.2,hours,0,0,2024-01-22 01:50:24.743461
IQ-07725,productivity,,18.2,24.1,hours,0,0,2023-11-25 05:32:43.277305
IQ-07736,productivity,,175.5,121.9,hours,0,0,2020-06-16 05:17:26.036560
IQ-07742,productivity,,253.2,256.4,hours,0,0,2024-08-06 15:42:30.092250
IQ-07745,productivity,,21.4,11.0,hours,1,0,2025-05-12 09:53:31.115500
IQ-07747,productivity,,40.3,31.7,hours,1,0,2020-02-02 07:36:42.758214
IQ-07751,productivity,,,,hours,0,0,2025-10-04 00:27:22.702434
IQ-07752,productivity,,259.1,192.1,hours,0,0,2019-08-26 08:57:52.591190
IQ-07761,productivity,,110.3,94.6,hours,0,0,2023-11-10 19:19:00.535101
IQ-07775,productivity,,178.0,141.9,hours,0,0,2020-05-20 03:27:57.823766
IQ-07776,productivity,,28.5,26.4,hours,0,0,2026-07-01 06:39:28.942707
IQ-07779,productivity,,20.5,21.1,hours,0,0,2022-10-08 02:00:38.230159
IQ-07780,productivity,,146.3,118.9,hours,1,0,2020-11-22 15:24:27.357651
IQ-07788,productivity,,380.8,426.4,hours,0,0,2023-02-12 17:35:46.211929
IQ-07813,productivity,,173.8,114.4,hours,1,1,2022-04-29 18:50:41.612256
IQ-07827,productivity,,47.6,32.7,hours,0,0,2025-06-11 00:03:07.495633
IQ-07830,productivity,,38.5,26.3,hours,0,0,2026-04-08 15:29:30.240273
IQ-07831,productivity,,103.6,34.2,hours,0,0,2026-05-15 03:34:54.653076
IQ-07846,productivity,,50.7,43.0,hours,0,1,2022-11-07 05:41:26.221744
IQ-07847,productivity,,2253.3,2686.1,hours,0,0,2026-05-20 17:35:10.107350
IQ-07848,productivity,,24.6,19.5,hours,0,0,2022-10-22 07:01:24.485628
IQ-07852,productivity,,40.7,54.6,hours,0,0,2023-07-31 01:41:10.737982
IQ-07860,productivity,,82.3,106.0,hours,0,1,2022-03-20 14:31:48.145973
IQ-07879,productivity,,63.5,54.4,hours,1,0,2026-06-21 08:34:03.610395
IQ-07884,productivity,,34.8,29.4,hours,0,0,2026-07-23 21:57:56.716250
IQ-07886,productivity,,46.1,40.4,hours,1,0,2022-10-16 05:29:57.365607
IQ-07889,productivity,,49.1,32.1,hours,0,0,2026-07-22 12:50:18.674959
IQ-07904,productivity,,173.1,105.2,hours,0,0,2023-10-28 22:05:09.579745
IQ-07906,productivity,,82.1,54.0,hours,0,1,2024-10-26 18:45:20.351053
IQ-07911,productivity,,55.7,52.2,hours,1,0,2022-08-10 12:55:53.717990
IQ-07912,productivity,,189.2,161.9,hours,1,0,2022-08-22 10:39:29.726329
IQ-07917,productivity,,79.0,60.4,hours,1,0,2025-01-03 16:43:34.139527
IQ-07921,productivity,,81.3,72.5,hours,0,0,2023-02-23 10:18:40.964621
IQ-07930,productivity,,166.1,113.2,hours,1,1,2023-03-22 16:29:43.660768
IQ-07932,productivity,,23.2,23.9,hours,1,1,2025-04-29 09:39:30.672385
IQ-07935,productivity,,367.1,106.2,hours,0,0,2025-06-04 02:53:59.139246
IQ-07943,productivity,,63.4,32.3,hours,0,1,2023-10-24 23:01:08.111745
IQ-07949,productivity,,105.8,75.8,hours,0,0,2023-11-03 18:23:03.693418
IQ-07964,productivity,,260.5,247.0,hours,0,0,2023-10-09 12:30:04.823187
IQ-07972,productivity,,138.5,113.5,hours,0,0,2023-06-30 09:48:46.028571
IQ-07975,productivity,,77.4,92.7,hours,1,0,2020-12-27 17:17:51.501575
IQ-07980,productivity,,64.1,45.1,hours,0,1,2022-10-11 23:58:31.202087
IQ-08005,productivity,,189.1,252.0,hours,1,0,2026-06-25 05:06:03.792817
IQ-08006,productivity,,29.5,22.0,hours,1,0,2020-05-13 18:28:57.141139
IQ-08012,productivity,,33.2,44.2,hours,0,0,2024-02-02 19:13:27.484546
IQ-08014,productivity,,224.5,220.6,hours,0,0,2025-04-09 04:34:25.787046
IQ-08022,productivity,,302.9,265.7,hours,0,0,2022-11-19 22:06:09.205960
IQ-08024,productivity,,49.6,28.5,hours,0,0,2024-11-08 05:07:35.090766
IQ-08054,productivity,,127.2,96.5,hours,1,0,2026-02-10 18:39:30.277242
IQ-08063,productivity,,59.3,61.5,hours,1,0,2024-06-16 11:39:20.146562
IQ-08075,productivity,,56.1,45.5,hours,0,0,2022-12-11 03:20:27.208969
IQ-08077,productivity,,39.2,12.9,hours,1,0,2025-04-28 06:59:52.495382
IQ-08086,productivity,,343.6,298.0,hours,1,0,2022-05-02 13:13:32.309315
IQ-08098,productivity,,,,hours,0,0,2021-01-19 15:46:39.744206
IQ-08102,productivity,,87.2,74.3,hours,1,0,2022-09-28 08:21:10.134723
IQ-08112,productivity,,193.2,154.0,hours,0,0,2025-02-14 11:13:02.699648
IQ-08118,productivity,,365.4,54.8,hours,0,0,2021-01-20 13:00:32.614584
IQ-08127,productivity,,289.8,289.1,hours,0,0,2025-09-30 22:19:46.873056
IQ-08134,productivity,,25.0,21.2,hours,1,0,2026-01-02 11:44:29.910486
IQ-08137,productivity,,30.6,16.8,hours,0,0,2023-08-15 15:03:11.395154
IQ-08151,productivity,,121.1,79.8,hours,0,0,2023-01-10 15:31:48.354642
IQ-08152,productivity,,64.6,54.5,hours,1,0,2019-07-07 18:23:48.825999
IQ-08153,productivity,,549.7,434.4,hours,0,0,2023-04-26 22:09:31.224483
IQ-08158,productivity,,1133.2,706.5,hours,0,0,2024-01-29 00:07:31.357113
IQ-08166,productivity,,115.6,67.8,hours,1,0,2024-02-08 19:24:25.284968
IQ-08169,productivity,,4.4,3.5,hours,0,0,2025-10-08 16:13:37.820713
IQ-08171,productivity,,12.1,3.5,hours,0,1,2025-08-23 22:15:53.917967
IQ-08179,productivity,,4.1,4.3,hours,0,1,2020-09-25 07:38:48.461538
IQ-08196,productivity,,329.7,359.1,hours,1,0,2021-07-17 23:37:32.086611
IQ-08197,productivity,,25.9,21.7,hours,0,0,2021-12-15 10:28:56.225180
IQ-08209,productivity,,4.0,3.3,hours,1,0,2020-08-31 20:29:38.080955
IQ-08211,productivity,,108.6,120.9,hours,0,0,2025-08-23 14:05:35.304628
IQ-08214,productivity,,68.1,51.2,hours,0,0,2022-10-16 01:08:37.855147
IQ-08240,productivity,,363.7,221.7,hours,0,0,2023-11-09 19:10:11.639650
IQ-08241,productivity,,58.8,46.1,hours,0,0,2020-02-29 14:00:07.363945
IQ-08257,productivity,,138.6,149.4,hours,1,0,2023-09-30 09:52:47.125794
IQ-08260,productivity,,255.7,191.8,hours,1,1,2025-01-14 19:42:05.558661
IQ-08267,productivity,,51.3,46.9,hours,1,0,2025-04-12 15:52:43.037867
IQ-08279,productivity,,137.2,126.5,hours,0,0,2026-07-15 11:54:48.379601
IQ-08282,productivity,,226.1,320.0,hours,0,0,2026-05-19 05:08:36.323528
IQ-08286,productivity,,67.0,46.3,hours,0,0,2022-12-21 05:38:46.586191
IQ-08290,productivity,,98.8,93.7,hours,0,0,2026-05-12 08:36:22.613702
IQ-08317,productivity,,14.2,8.4,hours,1,0,2025-10-14 21:04:09.398633
IQ-08324,productivity,,236.7,190.3,hours,1,0,2024-03-15 12:09:16.851559
IQ-08326,productivity,,170.6,139.1,hours,1,1,2021-09-10 22:42:29.929442
IQ-08328,productivity,,20.1,24.9,hours,1,0,2020-04-13 05:43:21.010258
IQ-08334,productivity,,32.8,27.3,hours,0,0,2025-05-12 23:46:37.823821
IQ-08342,productivity,,30.5,43.4,hours,0,0,2025-12-30 22:47:12.438190
IQ-08347,productivity,,10.6,8.9,hours,0,0,2020-12-16 23:19:13.590523
IQ-08351,productivity,,75.4,45.6,hours,1,0,2024-08-08 03:31:24.436859
IQ-08356,productivity,,37.9,35.8,hours,0,0,2024-10-10 12:06:09.399979
IQ-08370,productivity,,67.6,45.7,hours,0,0,2022-09-25 12:06:19.613001
IQ-08372,productivity,,81.9,91.7,hours,1,0,2020-03-11 17:44:27.135473
IQ-08373,productivity,,153.0,151.7,hours,1,0,2021-05-19 03:12:21.499032
IQ-08390,productivity,,187.7,268.7,hours,0,0,2024-10-10 12:12:38.726564
IQ-08399,productivity,,17.6,20.4,hours,0,0,2026-04-28 15:17:36.699538
IQ-08403,productivity,,115.6,94.0,hours,0,0,2025-07-05 12:26:13.712277
IQ-08404,productivity,,135.8,198.7,hours,0,1,2020-05-08 01:18:40.598294
IQ-08407,productivity,,340.5,178.0,hours,1,0,2023-10-10 01:00:44.594508
IQ-08415,productivity,,449.5,356.7,hours,0,0,2024-11-08 20:13:44.118647
IQ-08443,productivity,,231.9,176.3,hours,0,1,2023-02-10 08:49:40.038156
IQ-08449,productivity,,171.9,159.4,hours,0,0,2021-05-01 09:31:51.468791
IQ-08455,productivity,,49.5,42.7,hours,0,0,2024-09-03 17:58:02.049719
IQ-08456,productivity,,14.5,5.3,hours,1,0,2023-02-14 14:55:35.303338
IQ-08457,productivity,,116.3,75.7,hours,0,0,2021-11-14 19:29:27.628205
IQ-08459,productivity,,44.2,38.3,hours,0,1,2025-06-27 08:01:27.692351
IQ-08470,productivity,,253.5,147.3,hours,0,0,2022-06-07 06:54:48.158452
IQ-08472,productivity,,11.9,12.8,hours,1,0,2025-09-26 05:41:22.658981
IQ-08484,productivity,,483.9,545.1,hours,0,0,2026-05-01 08:05:33.431314
IQ-08499,productivity,,14.5,9.4,hours,1,0,2021-01-09 07:04:48.350500
IQ-08514,productivity,,10.2,7.9,hours,1,0,2024-03-30 15:29:20.805884
IQ-08520,productivity,,132.8,108.8,hours,1,0,2021-05-01 08:35:19.252399
IQ-08526,productivity,,235.0,59.3,hours,0,0,2023-12-26 22:52:47.210232
IQ-08529,productivity,,249.5,250.1,hours,0,0,2022-09-02 01:18:45.163958
IQ-08530,productivity,,267.9,263.5,hours,0,0,2023-09-07 11:25:38.809931
IQ-08535,productivity,,57.2,70.8,hours,0,0,2021-11-06 09:21:28.325623
IQ-08537,productivity,,,,hours,0,0,2026-03-30 17:40:19.477481
IQ-08556,productivity,,246.0,264.9,hours,0,0,2019-11-04 03:50:14.995953
IQ-08571,productivity,,366.0,362.8,hours,0,0,2025-03-29 14:13:47.657666
IQ-08580,productivity,,1563.3,1050.8,hours,1,0,2024-12-20 12:29:56.775091
IQ-08596,productivity,,13.1,13.7,hours,0,0,2026-03-17 22:26:54.641284
IQ-08614,productivity,,44.8,30.6,hours,0,0,2025-08-07 19:23:03.565050
IQ-08620,productivity,,177.1,177.6,hours,1,0,2023-02-18 02:51:33.188712
IQ-08624,productivity,,146.5,123.4,hours,1,1,2025-06-30 10:46:55.931645
IQ-08625,productivity,,160.8,141.8,hours,0,0,2025-01-10 10:32:36.885607
IQ-08626,productivity,,24.2,13.7,hours,0,0,2024-05-18 20:41:49.788655
IQ-08633,productivity,,15.1,9.5,hours,0,0,2021-10-11 21:52:40.337904
IQ-08634,productivity,,30.8,25.2,hours,0,0,2025-12-04 17:14:49.553648
IQ-08635,productivity,,407.4,303.5,hours,1,0,2024-02-19 10:23:04.145549
IQ-08642,productivity,,45.7,25.4,hours,0,0,2024-11-04 23:14:59.052891
IQ-08648,productivity,,98.6,59.7,hours,0,0,2020-10-17 06:03:30.907151
IQ-08654,productivity,,31.9,24.3,hours,0,0,2023-08-09 18:22:04.269512
IQ-08662,productivity,,138.4,124.4,hours,1,0,2022-01-02 15:18:59.432129
IQ-08669,productivity,,14.9,17.0,hours,0,1,2024-10-02 11:33:06.169550
IQ-08692,productivity,,188.0,154.4,hours,0,0,2024-10-27 13:25:49.778884
IQ-08693,productivity,,33.8,25.7,hours,0,1,2022-02-26 14:07:22.966801
IQ-08709,productivity,,105.2,100.5,hours,0,0,2020-12-05 19:45:02.568048
IQ-08717,productivity,,477.8,334.6,hours,1,0,2021-05-27 02:11:28.885281
IQ-08738,productivity,,47.0,48.1,hours,1,0,2024-02-26 00:54:44.014490
IQ-08743,productivity,,71.7,49.2,hours,0,0,2022-07-23 08:34:49.352897
IQ-08760,productivity,,513.6,533.5,hours,0,0,2023-08-08 01:23:37.417528
IQ-08770,productivity,,88.0,89.7,hours,0,1,2024-04-02 16:06:14.042297
IQ-08778,productivity,,302.9,214.6,hours,0,0,2025-11-23 07:47:07.337074
IQ-08784,productivity,,101.9,104.6,hours,0,1,2025-09-05 03:11:30.559502
IQ-08788,productivity,,116.7,143.2,hours,1,0,2026-05-27 05:52:40.748795
IQ-08797,productivity,,23.7,23.8,hours,0,0,2024-10-04 14:02:15.083106
IQ-08817,productivity,,33.1,18.3,hours,1,0,2021-03-15 12:49:45.326926
IQ-08835,productivity,,90.7,78.4,hours,1,0,2026-07-22 14:31:57.156823
IQ-08841,productivity,,266.1,75.7,hours,0,0,2020-08-14 07:32:22.194195
IQ-08842,productivity,,528.8,706.8,hours,0,0,2023-12-22 18:46:45.723855
IQ-08846,productivity,,165.5,162.9,hours,1,0,2024-09-30 17:22:00.410632
IQ-08851,productivity,,138.8,137.4,hours,0,0,2026-06-15 13:54:35.209876
IQ-08857,productivity,,134.8,142.1,hours,0,0,2025-05-09 08:02:24.099883
IQ-08858,productivity,,91.3,88.5,hours,1,0,2024-09-02 01:48:17.406504
IQ-08870,productivity,,169.1,59.9,hours,1,1,2021-05-20 12:58:57.046904
IQ-08876,productivity,,49.4,58.1,hours,1,0,2024-09-26 16:14:17.755253
IQ-08884,productivity,,66.2,37.9,hours,0,0,2025-08-27 13:12:36.362175
IQ-08889,productivity,,27.6,22.9,hours,0,0,2026-03-09 01:53:28.440525
IQ-08891,productivity,,17.0,11.2,hours,0,0,2022-03-05 15:20:06.284904
IQ-08902,productivity,,222.0,152.9,hours,0,0,2023-12-15 19:22:24.170424
IQ-08914,productivity,,16.0,7.0,hours,1,0,2023-06-18 06:10:35.398279
IQ-08924,productivity,,63.1,33.2,hours,0,0,2026-02-02 13:37:25.539931
IQ-08930,productivity,,108.1,36.7,hours,0,0,2024-01-21 19:34:02.034639
IQ-08940,productivity,,638.7,578.1,hours,0,0,2022-05-28 00:48:27.972827
IQ-08941,productivity,,12.1,7.6,hours,1,0,2022-01-21 05:35:40.816814
IQ-08942,productivity,,23.1,27.5,hours,0,0,2025-05-18 19:43:05.436898
IQ-08946,productivity,,202.5,80.3,hours,0,1,2020-05-03 02:46:54.686289
IQ-08953,productivity,,157.6,87.2,hours,1,0,2020-12-12 12:55:11.898730
IQ-08954,productivity,,,,hours,0,0,2022-08-02 19:13:10.161788
IQ-08964,productivity,,25.7,11.1,hours,0,0,2021-01-01 20:19:08.687781
IQ-08986,productivity,,75.2,74.0,hours,0,1,2026-05-06 07:31:36.302372
IQ-08988,productivity,,70.0,29.5,hours,0,0,2023-04-10 17:55:49.125783
IQ-09002,productivity,,40.6,12.4,hours,0,0,2025-11-13 19:50:12.857446
IQ-09004,productivity,,68.1,54.8,hours,1,0,2024-06-18 18:27:55.454613
IQ-09026,productivity,,20.8,24.1,hours,0,0,2023-10-30 17:34:18.867369
IQ-09027,productivity,,33.8,33.4,hours,1,0,2022-05-17 20:09:45.880965
IQ-09034,productivity,,52.7,22.5,hours,0,0,2024-11-21 00:08:26.538313
IQ-09036,productivity,,228.2,265.8,hours,1,1,2020-02-21 11:10:29.168454
IQ-09046,productivity,,253.0,224.4,hours,1,0,2024-09-02 14:04:48.815068
IQ-09055,productivity,,17.3,12.7,hours,0,0,2022-03-21 16:53:43.015769
IQ-09076,productivity,,271.9,280.9,hours,0,0,2021-05-01 14:48:38.792390
IQ-09079,productivity,,310.6,215.5,hours,0,0,2026-05-22 21:52:15.868763
IQ-09092,productivity,,47.6,32.6,hours,0,0,2022-09-01 06:10:29.142234
IQ-09093,productivity,,17.1,19.9,hours,1,0,2023-05-25 07:38:25.883007
IQ-09097,productivity,,1377.6,1292.5,hours,0,0,2021-10-10 06:53:36.338042
IQ-09098,productivity,,52.3,48.0,hours,0,0,2023-07-09 17:22:58.415610
IQ-09111,productivity,,198.7,220.5,hours,0,0,2022-01-01 18:29:34.637748
IQ-09118,productivity,,79.2,91.5,hours,0,0,2026-06-21 03:08:16.871127
IQ-09124,productivity,,32.2,33.7,hours,0,0,2025-04-05 22:21:11.209406
IQ-09126,productivity,,692.7,600.9,hours,0,0,2024-10-22 05:43:37.992096
IQ-09127,productivity,,14.9,7.2,hours,0,1,2026-04-02 04:16:33.775658
IQ-09129,productivity,,61.5,53.4,hours,1,0,2021-05-24 04:07:04.024806
IQ-09147,productivity,,71.1,98.0,hours,1,0,2021-11-08 19:39:42.040437
IQ-09168,productivity,,16.8,12.8,hours,1,0,2023-12-27 08:39:03.863334
IQ-09180,productivity,,272.0,283.9,hours,1,0,2023-02-08 09:03:51.656101
IQ-09194,productivity,,6.4,6.1,hours,0,0,2019-07-01 18:50:41.132756
IQ-09196,productivity,,11.6,6.8,hours,0,1,2024-08-25 00:35:34.147984
IQ-09204,productivity,,312.2,219.7,hours,1,0,2022-03-04 16:36:07.442421
IQ-09218,productivity,,14.0,11.7,hours,1,0,2025-06-08 02:18:43.782645
IQ-09228,productivity,,38.1,23.2,hours,0,0,2025-08-17 08:31:11.079939
IQ-09230,productivity,,12.5,14.6,hours,0,0,2023-07-19 06:43:47.441984
IQ-09243,productivity,,177.3,193.5,hours,1,0,2024-07-29 00:14:10.275198
IQ-09251,productivity,,358.9,328.5,hours,0,0,2022-04-07 10:44:22.284478
IQ-09256,productivity,,149.8,155.3,hours,0,0,2026-07-16 08:53:19.969420
IQ-09257,productivity,,66.9,17.3,hours,0,0,2026-02-04 10:02:12.066239
IQ-09276,productivity,,18.0,14.5,hours,1,0,2025-05-28 07:22:11.167167
IQ-09280,productivity,,18.0,5.9,hours,1,0,2022-11-20 05:21:33.844975
IQ-09283,productivity,,178.4,178.1,hours,1,0,2023-04-02 19:30:36.981143
IQ-09291,productivity,,117.2,36.3,hours,0,0,2026-05-02 05:47:41.970671
IQ-09293,productivity,,301.2,408.7,hours,0,1,2022-07-21 08:33:02.631585
IQ-09294,productivity,,205.9,135.5,hours,0,0,2023-02-05 06:08:44.746147
IQ-09296,productivity,,116.9,112.4,hours,0,0,2024-06-16 16:47:21.461511
IQ-09303,productivity,,57.8,47.6,hours,0,0,2026-01-13 19:14:39.262854
IQ-09304,productivity,,106.7,64.2,hours,0,0,2020-12-25 01:07:58.232063
IQ-09306,productivity,,203.2,178.9,hours,0,0,2019-09-20 18:00:55.647429
IQ-09321,productivity,,13.9,14.3,hours,0,0,2026-04-16 15:46:30.862511
IQ-09325,productivity,,23.4,36.3,hours,1,0,2024-12-03 12:22:52.966326
IQ-09326,productivity,,22.6,23.9,hours,1,0,2026-05-08 17:54:54.792381
IQ-09338,productivity,,28.2,27.7,hours,0,0,2021-08-10 18:28:57.869092
IQ-09341,productivity,,636.6,455.2,hours,0,0,2025-05-24 16:08:08.826079
IQ-09348,productivity,,550.5,494.2,hours,1,0,2019-12-16 16:29:23.230382
IQ-09353,productivity,,22.2,9.0,hours,0,0,2025-01-29 19:41:46.749165
IQ-09370,productivity,,109.5,49.0,hours,1,0,2025-07-03 23:57:35.442615
IQ-09372,productivity,,851.6,519.7,hours,1,0,2020-06-20 02:30:12.955063
IQ-09377,productivity,,893.2,500.4,hours,1,0,2024-01-17 06:49:38.519003
IQ-09378,productivity,,22.2,14.1,hours,0,0,2025-05-16 06:57:20.755852
IQ-09381,productivity,,106.3,73.2,hours,0,0,2023-10-11 21:47:18.547043
IQ-09384,productivity,,248.6,194.3,hours,0,0,2024-02-27 04:53:09.470994
IQ-09394,productivity,,43.8,18.4,hours,0,0,2022-05-21 05:24:47.853975
IQ-09396,productivity,,32.2,33.2,hours,0,0,2025-08-30 02:35:39.063750
IQ-09398,productivity,,352.4,240.2,hours,0,0,2021-09-19 20:10:09.205528
IQ-09414,productivity,,27.8,35.1,hours,0,0,2026-04-23 20:29:24.309958
IQ-09416,productivity,,134.3,150.3,hours,1,0,2023-06-13 17:51:00.972905
IQ-09425,productivity,,386.0,198.1,hours,1,0,2021-10-28 03:14:30.398900
IQ-09444,productivity,,34.1,12.4,hours,1,0,2025-08-11 05:33:23.520817
IQ-09446,productivity,,22.3,13.7,hours,0,0,2022-11-29 13:33:20.977596
IQ-09451,productivity,,62.2,38.9,hours,0,0,2023-02-04 22:38:29.381525
IQ-09460,productivity,,127.0,69.1,hours,0,0,2024-12-09 05:34:02.749927
IQ-09464,productivity,,48.8,16.3,hours,1,0,2023-11-11 17:14:55.297728
IQ-09466,productivity,,8.4,4.8,hours,0,0,2024-11-17 22:13:24.986610
IQ-09470,productivity,,501.3,433.2,hours,0,0,2024-12-05 17:56:58.877688
IQ-09477,productivity,,55.3,45.4,hours,0,1,2025-10-24 22:31:02.937378
IQ-09479,productivity,,57.4,18.4,hours,0,0,2024-05-07 01:07:32.423908
IQ-09489,productivity,,21.8,20.9,hours,1,1,2026-01-10 17:49:50.549546
IQ-09495,productivity,,199.0,189.1,hours,0,0,2021-10-23 10:12:50.883708
IQ-09503,productivity,,322.8,245.9,hours,1,0,2022-10-08 06:59:30.799863
IQ-09513,productivity,,103.2,122.0,hours,0,0,2020-03-09 19:01:42.605002
IQ-09514,productivity,,16.8,12.5,hours,0,1,2024-05-25 03:24:43.601817
IQ-09516,productivity,,493.0,135.3,hours,0,0,2021-03-21 08:46:26.509663
IQ-09523,productivity,,121.1,111.8,hours,1,1,2026-05-06 05:11:35.569140
IQ-09525,productivity,,261.5,72.5,hours,1,0,2022-10-25 16:52:33.337536
IQ-09537,productivity,,178.4,110.3,hours,1,0,2024-01-17 05:48:19.616053
IQ-09538,productivity,,76.0,103.7,hours,0,1,2020-01-13 12:39:51.926809
IQ-09543,productivity,,91.8,41.0,hours,1,0,2025-03-07 04:35:10.643575
IQ-09549,productivity,,77.7,58.3,hours,0,0,2019-11-04 14:29:43.415608
IQ-09553,productivity,,930.4,459.5,hours,0,0,2020-10-11 11:58:04.575562
IQ-09563,productivity,,33.1,30.0,hours,1,0,2024-12-12 07:03:45.416818
IQ-09586,productivity,,11.1,11.3,hours,0,0,2026-05-19 08:21:26.315134
IQ-09594,productivity,,16.6,14.5,hours,1,0,2024-10-05 13:03:47.444948
IQ-09597,productivity,,66.1,56.5,hours,1,1,2025-08-26 13:18:25.036959
IQ-09610,productivity,,89.7,65.8,hours,1,1,2024-03-21 01:56:13.353841
IQ-09623,productivity,,12.8,14.0,hours,1,0,2025-02-18 09:06:50.448410
IQ-09630,productivity,,339.0,359.6,hours,0,0,2025-05-17 12:04:57.676513
IQ-09634,productivity,,18.8,17.7,hours,0,0,2025-01-05 06:35:25.075643
IQ-09641,productivity,,457.3,384.0,hours,1,0,2021-08-08 13:37:42.629060
IQ-09642,productivity,,12.2,7.6,hours,0,0,2025-03-30 19:55:18.183874
IQ-09656,productivity,,86.0,105.7,hours,0,1,2023-07-23 04:51:53.120050
IQ-09657,productivity,,81.7,86.3,hours,1,0,2019-06-18 11:28:01.002244
IQ-09667,productivity,,106.9,58.1,hours,0,0,2021-03-20 13:31:32.876113
IQ-09668,productivity,,1970.0,1547.5,hours,0,0,2026-07-29 07:38:40.127856
IQ-09673,productivity,,70.7,65.5,hours,0,0,2026-02-18 01:00:31.606669
IQ-09680,productivity,,33.2,23.5,hours,0,0,2023-11-09 21:45:51.191999
IQ-09689,productivity,,138.7,73.3,hours,0,0,2026-04-14 22:09:30.100401
IQ-09697,productivity,,328.0,255.4,hours,0,0,2022-02-05 08:57:31.348157
IQ-09699,productivity,,124.9,110.0,hours,0,0,2021-12-20 13:06:32.672254
IQ-09707,productivity,,251.3,179.4,hours,0,1,2024-10-14 05:34:03.416261
IQ-09731,productivity,,84.4,74.9,hours,0,0,2024-10-26 04:02:31.618818
IQ-09737,productivity,,69.0,68.5,hours,0,1,2025-04-02 11:41:41.665963
IQ-09752,productivity,,297.5,274.1,hours,1,0,2024-01-15 15:44:19.989130
IQ-09767,productivity,,73.6,45.9,hours,0,0,2021-11-08 08:45:38.618859
IQ-09771,productivity,,10.6,5.2,hours,0,0,2020-12-26 14:58:42.453327
IQ-09794,productivity,,64.9,69.0,hours,1,0,2026-04-18 12:05:09.313447
IQ-09796,productivity,,30.7,32.6,hours,0,0,2022-05-08 12:48:00.771156
IQ-09812,productivity,,22.3,19.1,hours,0,1,2022-03-04 16:44:59.160631
IQ-09814,productivity,,32.2,30.5,hours,1,0,2024-03-01 23:38:30.930293
IQ-09826,productivity,,88.7,86.4,hours,0,0,2021-08-14 06:10:16.928726
IQ-09830,productivity,,313.3,88.2,hours,1,0,2020-12-26 20:28:35.029043
IQ-09832,productivity,,175.3,26.3,hours,1,0,2024-05-11 09:42:06.675205
IQ-09837,productivity,,22.3,18.1,hours,0,1,2026-06-17 07:20:52.062491
IQ-09847,productivity,,0.0,0.0,hours,1,0,2023-06-18 12:27:39.457922
IQ-09870,productivity,,174.5,110.1,hours,0,0,2023-05-17 06:27:26.533998
IQ-09882,productivity,,166.8,87.2,hours,1,0,2025-07-10 13:38:31.271353
IQ-09887,productivity,,595.4,550.9,hours,1,1,2026-07-07 13:07:32.702158
IQ-09902,productivity,,8.8,5.0,hours,0,0,2024-11-22 12:49:43.596793
IQ-09909,productivity,,122.5,150.9,hours,0,0,2021-01-04 14:25:38.307160
IQ-09912,productivity,,247.7,258.2,hours,1,1,2025-12-13 23:28:50.301664
IQ-09915,productivity,,123.0,123.0,hours,0,0,2022-03-21 00:56:11.980228
IQ-09926,productivity,,40.6,18.6,hours,0,0,2022-03-06 15:55:43.163637
IQ-09934,productivity,,94.8,71.7,hours,0,0,2022-05-27 13:59:43.828773
IQ-09941,productivity,,26.1,22.8,hours,1,0,2021-02-08 14:51:30.470512
IQ-09943,productivity,,17.6,16.3,hours,1,1,2019-06-07 08:36:31.287550
IQ-09950,productivity,,76.7,30.2,hours,0,0,2023-10-08 10:26:50.819869
IQ-09952,productivity,,68.0,48.3,hours,0,0,2024-11-11 03:54:32.550184
IQ-09961,productivity,,40.3,44.6,hours,0,0,2026-06-21 21:29:50.086143
IQ-09982,productivity,,27.6,18.8,hours,0,0,2026-02-26 20:26:50.232093
IQ-09991,productivity,,45.6,37.6,hours,1,0,2020-04-28 07:35:25.064218
IQ-09997,productivity,,135.7,72.8,hours,1,0,2021-12-23 03:06:30.138981
IQ-10000,productivity,,38.2,17.8,hours,1,0,2024-12-27 03:02:25.275221
IQ-10004,productivity,,43.8,22.4,hours,1,0,2022-12-29 05:36:31.753665
IQ-10012,productivity,,2060.8,1054.7,hours,0,1,2023-02-12 06:25:47.831420
IQ-10014,productivity,,35.7,21.5,hours,1,0,2024-10-10 20:18:57.237066
IQ-10021,productivity,,67.2,82.0,hours,0,0,2023-08-25 14:12:19.870631
IQ-10025,productivity,,372.5,196.8,hours,0,0,2025-04-06 15:58:58.422798
IQ-10033,productivity,,85.0,75.3,hours,0,0,2022-06-23 21:04:25.893615
IQ-10039,productivity,,489.8,388.8,hours,1,0,2026-05-23 13:39:15.070882
IQ-10051,productivity,,27.0,12.1,hours,1,0,2022-12-25 00:49:32.109159
IQ-10065,productivity,,319.7,189.4,hours,0,0,2021-06-20 04:49:17.299881
IQ-10073,productivity,,99.5,46.7,hours,0,1,2024-09-26 23:35:16.455499
IQ-10077,productivity,,314.0,273.1,hours,0,0,2022-11-12 05:10:47.638405
IQ-10083,productivity,,261.2,255.4,hours,0,0,2025-12-31 18:25:05.523031
IQ-10093,productivity,,98.2,72.2,hours,0,0,2024-08-28 14:19:53.634147
IQ-10106,productivity,,117.3,63.0,hours,0,0,2021-11-03 09:23:47.072638
IQ-10110,productivity,,117.4,62.2,hours,0,0,2024-05-05 09:10:47.115997
IQ-10138,productivity,,71.3,82.4,hours,0,0,2025-05-13 19:17:03.345879
IQ-10143,productivity,,179.6,193.1,hours,0,0,2023-07-07 17:48:50.755445
IQ-10162,productivity,,27.5,23.8,hours,0,0,2025-09-24 17:22:43.108821
IQ-10165,productivity,,33.2,34.7,hours,0,0,2025-10-27 05:52:28.929899
IQ-10166,productivity,,32.6,22.4,hours,0,0,2025-05-31 14:41:36.561251
IQ-10178,productivity,,12.3,14.6,hours,0,0,2025-01-04 02:17:45.019327
IQ-10180,productivity,,387.1,259.3,hours,0,0,2024-03-26 03:02:41.658746
IQ-10184,productivity,,76.9,91.5,hours,0,0,2025-12-28 15:59:52.369814
IQ-10207,productivity,,90.6,107.0,hours,0,0,2023-02-15 10:05:35.515399
IQ-10236,productivity,,42.1,41.1,hours,1,0,2024-01-04 04:27:40.139637
IQ-10239,productivity,,15.6,13.4,hours,1,0,2025-07-01 17:10:51.635862
IQ-10246,productivity,,122.6,125.2,hours,1,0,2025-05-12 12:54:07.073170
IQ-10248,productivity,,23.7,18.5,hours,1,0,2024-10-12 16:59:49.001438
IQ-10253,productivity,,43.9,60.4,hours,1,0,2026-07-25 00:59:32.423309
IQ-10260,productivity,,17.4,16.3,hours,0,0,2024-03-07 08:57:06.146593
IQ-10268,productivity,,127.6,112.2,hours,0,0,2020-08-23 12:24:36.187503
IQ-10273,productivity,,45.9,39.3,hours,0,0,2026-03-26 22:19:52.292754
IQ-10279,productivity,,36.2,29.6,hours,0,0,2024-05-01 12:14:24.943088
IQ-10281,productivity,,51.5,39.0,hours,1,0,2022-10-31 03:10:45.756137
IQ-10282,productivity,,364.1,299.5,hours,1,0,2022-10-29 14:04:36.715896
IQ-10284,productivity,,22.6,22.5,hours,0,0,2020-10-20 15:53:03.419749
IQ-10296,productivity,,7.0,9.1,hours,0,0,2024-08-08 02:45:38.748372
IQ-10320,productivity,,74.6,81.2,hours,1,1,2023-06-25 10:04:33.360805
IQ-10325,productivity,,161.0,198.4,hours,1,0,2022-02-15 05:07:32.749896
IQ-10327,productivity,,72.2,37.0,hours,0,0,2025-04-30 05:17:06.201553
IQ-10344,productivity,,35.4,15.8,hours,1,1,2025-01-10 05:47:21.158407
IQ-10348,productivity,,606.5,794.7,hours,1,0,2025-11-08 03:21:55.586520
IQ-10349,productivity,,112.5,90.8,hours,0,0,2025-06-25 20:03:55.250362
IQ-10364,productivity,,51.9,7.8,hours,0,0,2022-02-27 14:22:58.830050
IQ-10371,productivity,,10.7,4.3,hours,1,0,2022-10-15 05:32:28.038859
IQ-10377,productivity,,147.1,110.2,hours,0,0,2022-06-11 00:00:57.072100
IQ-10380,productivity,,29.9,22.7,hours,1,0,2025-12-30 09:22:32.482350
IQ-10383,productivity,,135.9,160.9,hours,1,0,2023-03-01 09:36:09.065926
IQ-10388,productivity,,59.0,37.9,hours,0,0,2024-05-13 10:02:18.834452
IQ-10406,productivity,,510.9,524.0,hours,0,0,2026-04-04 08:40:58.304653
IQ-10411,productivity,,81.0,66.3,hours,0,0,2024-07-13 14:31:02.591263
IQ-10421,productivity,,106.4,117.3,hours,1,0,2022-02-01 02:56:02.979143
IQ-10424,productivity,,353.1,176.7,hours,1,0,2024-07-29 02:06:06.212238
IQ-10431,productivity,,53.0,63.8,hours,1,0,2021-12-01 02:02:47.946064
IQ-10442,productivity,,82.6,48.7,hours,1,0,2023-05-04 22:25:33.313182
IQ-10454,productivity,,29.0,25.0,hours,1,0,2020-01-12 14:39:41.925922
IQ-10462,productivity,,17.0,22.4,hours,0,0,2022-10-06 12:51:41.969915
IQ-10475,productivity,,10.1,10.0,hours,1,0,2023-04-21 13:57:41.760785
IQ-10476,productivity,,20.4,14.7,hours,0,0,2026-04-01 18:51:44.022489
IQ-10483,productivity,,145.4,162.0,hours,0,0,2025-01-08 07:57:31.439893
IQ-10501,productivity,,,,hours,0,1,2023-01-03 07:18:41.280975
IQ-10502,productivity,,9.6,4.3,hours,0,0,2025-12-18 17:08:00.289478
IQ-10508,productivity,,57.2,34.9,hours,0,0,2023-11-04 23:08:48.660815
IQ-10514,productivity,,69.6,84.9,hours,1,0,2022-12-11 11:13:55.881026
IQ-10515,productivity,,27.7,34.4,hours,0,0,2024-02-26 17:37:22.224124
IQ-10517,productivity,,27.4,29.5,hours,0,0,2025-01-23 11:55:38.528013
IQ-10531,productivity,,189.1,161.3,hours,0,0,2024-07-08 00:45:56.032595
IQ-10539,productivity,,61.1,66.1,hours,1,0,2022-04-13 12:32:17.087094
IQ-10540,productivity,,5.9,3.9,hours,0,0,2026-02-04 04:41:39.378084
IQ-10556,productivity,,8.5,8.6,hours,0,0,2026-07-29 17:39:10.483551
IQ-10562,productivity,,121.9,161.0,hours,0,0,2023-07-11 16:00:08.463274
IQ-10571,productivity,,273.1,185.1,hours,1,0,2025-02-12 09:31:33.333735
IQ-10572,productivity,,55.3,58.9,hours,0,0,2021-02-08 12:51:15.805153
IQ-10574,productivity,,23.2,33.9,hours,0,0,2026-06-15 19:08:14.624523
IQ-10575,productivity,,28.5,28.1,hours,1,1,2020-09-20 04:20:32.217503
IQ-10579,productivity,,132.5,178.3,hours,0,0,2025-09-15 02:16:05.528929
IQ-10583,productivity,,71.6,84.4,hours,0,0,2024-03-07 21:11:06.890707
IQ-10589,productivity,,37.1,31.3,hours,0,0,2024-04-20 10:25:25.555486
IQ-10599,productivity,,37.1,36.0,hours,0,0,2022-02-21 10:04:00.570936
IQ-10602,productivity,,74.0,65.6,hours,1,0,2026-05-15 05:15:19.273818
IQ-10610,productivity,,52.0,46.0,hours,0,0,2025-07-14 12:27:30.396056
IQ-10615,productivity,,84.2,71.6,hours,0,0,2026-01-31 16:06:23.138313
IQ-10616,productivity,,128.1,128.7,hours,0,0,2022-11-14 13:11:42.840341
IQ-10625,productivity,,31.5,31.0,hours,1,0,2025-10-14 08:28:22.469376
IQ-10626,productivity,,91.2,65.3,hours,0,1,2021-11-15 03:38:15.893686
IQ-10648,productivity,,20.9,15.5,hours,0,0,2024-07-13 07:42:31.730011
IQ-10675,productivity,,91.5,81.8,hours,1,0,2025-10-03 22:45:03.211290
IQ-10680,productivity,,45.0,30.0,hours,0,0,2026-01-06 00:37:13.673621
IQ-10686,productivity,,179.2,134.5,hours,0,0,2024-07-12 13:12:18.676876
IQ-10689,productivity,,115.2,102.7,hours,1,0,2020-06-11 12:33:26.553923
IQ-10695,productivity,,137.8,103.1,hours,0,0,2023-09-11 04:14:56.634627
IQ-10701,productivity,,63.2,65.6,hours,0,0,2022-05-12 21:09:18.883895
IQ-10705,productivity,,131.9,143.1,hours,0,1,2021-09-22 12:34:46.754232
IQ-10713,productivity,,103.2,88.7,hours,0,0,2025-05-08 21:11:26.344042
IQ-10716,productivity,,16.5,8.7,hours,1,0,2024-12-23 03:31:04.290078
IQ-10722,productivity,,91.3,74.8,hours,1,0,2026-01-03 06:51:44.347487
IQ-10726,productivity,,65.1,82.4,hours,1,0,2021-10-23 01:05:19.153477
IQ-10727,productivity,,47.0,47.9,hours,1,0,2025-07-30 19:59:40.997949
IQ-10729,productivity,,92.4,52.1,hours,0,0,2021-12-09 03:13:10.668904
IQ-10730,productivity,,43.4,24.5,hours,0,0,2023-12-25 02:54:36.809431
IQ-10744,productivity,,30.4,26.1,hours,0,0,2026-05-03 09:50:37.986996
IQ-10751,productivity,,112.7,40.2,hours,0,1,2024-03-21 06:40:08.807233
IQ-10758,productivity,,4.7,1.9,hours,1,0,2022-08-04 14:00:26.801959
IQ-10780,productivity,,95.3,76.4,hours,0,1,2023-10-24 22:54:29.603308
IQ-10781,productivity,,32.0,21.4,hours,1,0,2026-06-16 20:38:36.915807
IQ-10785,productivity,,35.4,13.7,hours,1,0,2025-09-30 18:00:54.964820
IQ-10793,productivity,,88.9,42.6,hours,1,0,2022-03-07 08:28:19.078482
IQ-10809,productivity,,5.8,6.3,hours,1,1,2023-02-13 08:30:44.820235
IQ-10816,productivity,,14.0,11.4,hours,0,0,2025-11-16 23:58:38.844635
IQ-10824,productivity,,52.1,39.3,hours,1,0,2026-07-04 06:12:50.225857
IQ-10832,productivity,,52.2,33.0,hours,1,0,2022-12-26 10:49:42.427891
IQ-10834,productivity,,129.1,118.5,hours,0,0,2024-05-07 22:36:44.968289
IQ-10888,productivity,,341.2,229.1,hours,1,1,2024-10-27 10:07:12.435233
IQ-10890,productivity,,699.8,674.1,hours,0,0,2026-02-12 09:12:34.405111
IQ-10895,productivity,,473.5,472.2,hours,0,0,2021-06-06 19:59:23.433942
IQ-10901,productivity,,417.7,549.5,hours,0,1,2022-10-25 04:32:49.864730
IQ-10911,productivity,,80.4,72.3,hours,0,0,2022-09-13 23:46:13.754559
IQ-10922,productivity,,26.2,14.7,hours,0,0,2024-07-10 02:59:43.737608
IQ-10923,productivity,,143.3,117.6,hours,0,1,2023-05-23 03:46:52.219074
IQ-10930,productivity,,29.4,29.0,hours,0,0,2021-01-08 01:46:37.880567
IQ-10938,productivity,,22.6,18.4,hours,1,0,2025-09-20 03:34:57.527011
IQ-10941,productivity,,10.8,7.7,hours,1,0,2023-06-02 16:39:50.352963
IQ-10965,productivity,,49.4,63.3,hours,1,1,2021-08-11 16:48:50.686093
IQ-10966,productivity,,154.2,85.8,hours,0,0,2022-05-28 13:49:51.943034
IQ-10984,productivity,,794.1,656.3,hours,1,0,2021-11-24 10:51:45.216853
IQ-10985,productivity,,236.5,232.5,hours,0,0,2022-10-06 07:18:11.387629
IQ-11012,productivity,,319.2,264.4,hours,1,0,2023-02-14 21:18:12.408975
IQ-11020,productivity,,277.9,238.7,hours,0,0,2025-11-22 02:47:37.982039
IQ-11054,productivity,,51.6,49.6,hours,0,1,2022-09-15 22:29:15.827757
IQ-11068,productivity,,45.0,31.9,hours,0,1,2023-06-16 22:16:37.672746
IQ-11090,productivity,,40.3,30.9,hours,0,0,2023-04-28 12:37:28.984239
IQ-11097,productivity,,51.7,34.0,hours,0,0,2023-06-30 16:35:31.698708
IQ-11100,productivity,,54.9,33.5,hours,0,0,2026-05-23 19:04:36.038856
IQ-11110,productivity,,30.0,11.6,hours,0,0,2025-01-06 19:26:01.271243
IQ-11134,productivity,,30.0,23.4,hours,0,0,2024-12-28 15:02:01.946960
IQ-11137,productivity,,,,hours,0,0,2021-09-27 11:18:54.617271
IQ-11141,productivity,,27.2,24.2,hours,0,0,2026-03-27 00:01:47.232258
IQ-11142,productivity,,23.0,16.2,hours,0,0,2021-09-09 14:04:24.331957
IQ-11144,productivity,,185.9,205.3,hours,0,0,2022-04-21 05:49:41.104234
IQ-11152,productivity,,507.7,383.2,hours,0,0,2026-02-08 05:57:01.319814
IQ-11165,productivity,,25.1,22.5,hours,0,0,2024-07-28 11:01:11.587198
IQ-11173,productivity,,25.2,17.6,hours,0,0,2024-04-19 06:42:21.271658
IQ-11175,productivity,,32.2,18.6,hours,0,0,2023-10-13 22:57:01.469699
IQ-11176,productivity,,47.2,7.1,hours,1,0,2024-10-21 02:37:28.908282
IQ-11189,productivity,,80.1,44.0,hours,0,0,2020-11-09 05:23:26.530449
IQ-11201,productivity,,475.7,498.4,hours,0,0,2021-07-21 23:21:58.467172
IQ-11205,productivity,,476.7,218.6,hours,1,0,2022-05-13 15:25:30.376346
IQ-11212,productivity,,43.7,35.2,hours,0,1,2021-01-27 23:34:36.709101
IQ-11232,productivity,,176.6,269.0,hours,0,0,2025-01-27 14:57:30.122592
IQ-11240,productivity,,45.6,44.9,hours,0,0,2023-10-11 02:14:08.477208
IQ-11242,productivity,,148.3,149.4,hours,1,0,2024-08-10 21:52:57.933862
IQ-11244,productivity,,68.4,68.9,hours,0,0,2024-09-28 16:23:36.544819
IQ-11252,productivity,,87.3,86.3,hours,0,0,2024-10-15 04:00:27.112658
IQ-11255,productivity,,220.0,151.1,hours,0,0,2025-03-28 06:33:13.712682
IQ-11259,productivity,,57.6,41.9,hours,0,0,2024-12-03 07:09:36.327648
IQ-11270,productivity,,70.5,79.6,hours,0,0,2025-06-24 19:47:46.455879
IQ-11271,productivity,,25.4,14.9,hours,1,1,2023-04-26 15:54:14.450846
IQ-11314,productivity,,26.9,31.0,hours,1,0,2019-09-24 20:45:16.141212
IQ-11316,productivity,,413.1,239.5,hours,0,0,2025-03-29 22:32:01.184344
IQ-11318,productivity,,42.9,32.4,hours,0,0,2023-05-05 02:14:24.770318
IQ-11319,productivity,,230.4,140.2,hours,0,0,2022-06-12 14:50:48.474720
IQ-11326,productivity,,86.6,102.2,hours,1,1,2024-06-06 10:23:47.400849
IQ-11327,productivity,,78.0,63.0,hours,0,0,2021-04-10 08:57:10.339495
IQ-11334,productivity,,18.6,17.6,hours,0,0,2021-01-06 13:19:45.726672
IQ-11340,productivity,,48.0,44.7,hours,0,0,2022-06-11 17:50:04.276665
IQ-11341,productivity,,112.2,98.8,hours,0,0,2025-08-02 12:15:20.764229
IQ-11343,productivity,,13.7,10.7,hours,0,0,2025-11-14 00:02:03.079270
IQ-11346,productivity,,23.0,16.9,hours,0,0,2023-08-04 05:35:26.942840
IQ-11369,productivity,,91.3,92.7,hours,1,0,2025-01-31 00:11:31.437896
IQ-11392,productivity,,215.7,199.5,hours,0,0,2019-08-15 12:15:25.228239
IQ-11413,productivity,,84.2,67.2,hours,1,1,2021-10-14 09:49:34.508150
IQ-11414,productivity,,26.4,24.5,hours,0,0,2022-11-15 11:28:43.669776
IQ-11420,productivity,,32.2,39.7,hours,0,0,2025-01-15 09:14:50.354025
IQ-11457,productivity,,21.4,16.0,hours,1,0,2026-03-25 08:04:28.363733
IQ-11461,productivity,,131.4,105.4,hours,0,0,2024-12-27 00:42:03.707139
IQ-11468,productivity,,5.6,5.3,hours,0,0,2023-05-23 00:27:07.190481
IQ-11469,productivity,,66.8,68.4,hours,0,0,2023-06-26 20:05:10.838569
IQ-11470,productivity,,14.5,12.9,hours,1,0,2024-11-26 23:36:18.850617
IQ-11472,productivity,,19.7,12.6,hours,1,0,2020-11-13 00:31:53.261897
IQ-11474,productivity,,116.5,121.1,hours,0,0,2021-10-03 21:17:55.104769
IQ-11479,productivity,,39.0,14.1,hours,0,0,2021-09-17 02:11:51.376580
IQ-11480,productivity,,99.3,48.7,hours,0,0,2022-05-20 02:59:35.379373
IQ-11483,productivity,,81.5,57.0,hours,0,0,2022-08-26 10:49:34.803873
IQ-11496,productivity,,14.9,10.7,hours,1,0,2026-04-01 10:28:14.937059
IQ-11500,productivity,,,,hours,1,0,2023-06-16 20:44:32.707345
IQ-11502,productivity,,853.0,927.1,hours,0,0,2026-01-06 23:52:29.052682
IQ-11503,productivity,,71.5,68.9,hours,0,1,2021-05-31 08:12:02.414003
IQ-11519,productivity,,25.2,15.9,hours,0,0,2019-12-15 04:18:30.376338
IQ-11522,productivity,,1110.1,690.5,hours,1,0,2026-01-16 02:35:08.071021
IQ-11531,productivity,,36.9,33.6,hours,0,0,2022-06-09 19:37:12.250873
IQ-11537,productivity,,55.1,32.4,hours,0,0,2022-02-27 05:07:51.961529
IQ-11549,productivity,,50.8,49.4,hours,0,0,2025-12-02 11:35:30.634225
IQ-11553,productivity,,421.0,371.9,hours,1,0,2024-11-18 20:52:34.751776
IQ-11560,productivity,,22.1,14.5,hours,0,0,2024-03-27 02:51:56.805216
IQ-11564,productivity,,45.5,28.7,hours,0,0,2022-04-13 21:56:33.058937
IQ-11567,productivity,,208.4,221.5,hours,1,0,2023-03-04 07:50:15.254493
IQ-11569,productivity,,15.6,8.0,hours,1,0,2025-05-25 23:35:04.863142
IQ-11571,productivity,,68.3,29.7,hours,1,0,2025-02-07 08:14:09.989664
IQ-11591,productivity,,25.3,28.0,hours,1,0,2023-09-16 09:05:37.978321
IQ-11606,productivity,,856.4,847.4,hours,1,0,2023-08-22 22:18:09.508035
IQ-11614,productivity,,901.4,1039.7,hours,0,0,2025-12-11 20:01:18.252069
IQ-11617,productivity,,56.0,42.3,hours,1,0,2025-09-27 10:23:41.156262
IQ-11618,productivity,,13.5,13.9,hours,0,0,2026-04-16 10:21:04.029168
IQ-11620,productivity,,9.7,10.3,hours,0,1,2023-09-20 15:17:41.664715
IQ-11641,productivity,,84.9,80.0,hours,1,0,2022-10-21 17:46:00.146747
IQ-11654,productivity,,128.4,129.8,hours,1,1,2026-06-16 12:39:37.059574
IQ-11655,productivity,,4.5,4.5,hours,1,1,2021-11-24 09:05:36.640311
IQ-11674,productivity,,48.6,67.4,hours,1,1,2022-02-24 00:39:20.815976
IQ-11677,productivity,,24.7,19.3,hours,1,1,2024-05-14 04:37:20.470753
IQ-11679,productivity,,16.4,15.2,hours,0,0,2022-10-21 20:10:02.360113
IQ-11685,productivity,,228.2,166.7,hours,0,0,2024-08-04 00:16:46.764100
IQ-11695,productivity,,33.5,23.2,hours,0,1,2025-12-31 16:10:40.734645
IQ-11730,productivity,,687.1,754.4,hours,0,0,2025-08-28 20:07:25.984342
IQ-11733,productivity,,108.8,107.3,hours,1,0,2020-01-18 00:38:30.944129
IQ-11741,productivity,,999999.0,902228.3,hours,0,0,2021-07-28 14:30:01.512891
IQ-11747,productivity,,29.2,27.8,hours,1,0,2024-05-11 00:13:11.502013
IQ-11769,productivity,,659.5,710.8,hours,1,1,2023-04-19 05:39:45.270045
IQ-11770,productivity,,21.0,25.7,hours,0,0,2026-05-16 02:13:10.919089
IQ-11774,productivity,,20.3,16.5,hours,0,0,2022-07-03 11:38:49.342023
IQ-11791,productivity,,1347.6,1200.2,hours,1,0,2023-10-10 06:40:49.151475
IQ-11792,productivity,,10.2,6.2,hours,0,0,2025-04-05 07:23:58.729674
IQ-11796,productivity,,96.0,86.4,hours,0,0,2020-06-06 04:52:17.318783
IQ-11801,productivity,,79.1,62.6,hours,0,0,2023-05-22 09:29:24.948213
IQ-11803,productivity,,40.2,6.0,hours,0,0,2024-10-06 20:50:57.899943
IQ-11806,productivity,,343.5,361.0,hours,0,1,2026-07-02 13:42:02.485705
IQ-11812,productivity,,679.0,487.6,hours,0,0,2019-08-20 15:52:43.885174
IQ-11817,productivity,,37.2,33.4,hours,0,0,2024-03-20 06:39:49.862206
IQ-11824,productivity,,21.4,16.7,hours,1,0,2026-07-16 05:52:44.319629
IQ-11835,productivity,,104.0,96.9,hours,0,1,2026-04-02 02:56:13.572951
IQ-11837,productivity,,123.9,120.0,hours,0,0,2021-05-03 03:35:15.266534
IQ-11852,productivity,,124.6,51.3,hours,0,0,2023-01-23 13:12:19.780936
IQ-11861,productivity,,182.4,129.7,hours,0,0,2021-09-15 15:37:54.256347
IQ-11867,productivity,,25.9,26.7,hours,0,0,2022-11-04 12:53:29.764483
IQ-11875,productivity,,43.2,39.9,hours,0,0,2022-03-29 01:19:19.272812
IQ-11884,productivity,,96.8,51.5,hours,1,0,2021-02-14 19:19:44.788650
IQ-11902,productivity,,15.9,14.5,hours,0,0,2026-04-08 16:24:17.118755
IQ-11922,productivity,,69.1,95.3,hours,0,0,2023-05-05 22:08:15.091259
IQ-11929,productivity,,76.7,32.8,hours,1,0,2023-04-30 14:54:47.704633
IQ-11932,productivity,,151.6,72.7,hours,1,0,2022-01-07 00:35:27.292235
IQ-11943,productivity,,75.6,74.2,hours,0,0,2022-06-24 11:30:47.925428
IQ-11945,productivity,,153.0,78.0,hours,0,0,2022-07-18 22:29:05.847507
IQ-11970,productivity,,35.9,21.8,hours,0,0,2022-05-17 00:47:46.450163
IQ-11989,productivity,,116.4,57.0,hours,1,0,2021-05-30 07:25:50.850325
IQ-11992,productivity,,77.3,18.1,hours,1,0,2025-11-07 14:32:50.595947
IQ-11998,productivity,,93.5,85.8,hours,0,0,2024-08-26 07:09:41.366058
IQ-12003,productivity,,70.0,61.6,hours,0,0,2023-08-08 13:47:29.108592
IQ-12010,productivity,,66.5,38.5,hours,1,0,2025-08-01 04:01:55.600740
IQ-12017,productivity,,144.4,96.1,hours,0,0,2024-10-18 11:57:10.733967
IQ-12021,productivity,,519.9,686.1,hours,1,0,2026-04-12 14:53:18.895189
IQ-12031,productivity,,38.4,29.6,hours,0,0,2025-08-26 05:33:45.058736
IQ-12034,productivity,,41.9,40.4,hours,0,1,2021-05-09 14:37:07.454970
IQ-12046,productivity,,182.0,91.4,hours,0,0,2019-07-27 10:20:44.486386
IQ-12056,productivity,,17.2,11.8,hours,0,0,2026-04-09 12:57:46.462847
IQ-12065,productivity,,241.5,244.6,hours,0,0,2020-02-29 16:59:36.212036
IQ-12069,productivity,,374.4,262.9,hours,1,1,2022-11-13 00:06:27.168896
IQ-12070,productivity,,119.0,98.9,hours,0,1,2026-02-27 06:51:12.461447
IQ-12079,productivity,,13.2,10.0,hours,0,0,2025-08-31 13:00:31.614075
IQ-12108,productivity,,264.5,192.9,hours,0,0,2022-06-09 03:26:03.616047
IQ-12113,productivity,,66.5,57.7,hours,0,0,2023-01-13 11:20:06.482099
IQ-12123,productivity,,40.3,32.2,hours,1,0,2026-06-08 16:48:51.224209
IQ-12124,productivity,,473.6,503.8,hours,0,0,2025-09-09 16:02:45.640903
IQ-12129,productivity,,99.1,102.9,hours,1,0,2022-02-14 15:42:49.526465
IQ-12131,productivity,,138.6,78.9,hours,1,0,2023-06-14 02:29:35.725759
IQ-12145,productivity,,804.1,558.3,hours,1,0,2026-07-22 02:01:03.925200
IQ-12153,productivity,,118.9,95.0,hours,0,1,2026-03-02 05:16:20.825268
IQ-12171,productivity,,113.0,80.1,hours,0,0,2020-01-15 04:21:15.500147
IQ-12173,productivity,,7.6,3.6,hours,0,0,2023-10-30 03:38:58.390355
IQ-12191,productivity,,9.3,8.0,hours,1,0,2026-05-30 21:11:16.512124
IQ-12192,productivity,,92.1,77.7,hours,0,0,2025-01-13 23:53:20.576402
IQ-12194,productivity,,30.2,30.3,hours,0,0,2022-10-08 08:02:10.738123
IQ-12196,productivity,,1336.7,960.2,hours,1,0,2021-09-16 01:10:58.403248
IQ-12212,productivity,,125.6,162.6,hours,1,0,2025-05-05 02:33:08.669514
IQ-12219,productivity,,703.1,353.9,hours,0,0,2026-03-26 18:45:55.272230
IQ-12223,productivity,,68.7,63.9,hours,0,0,2021-12-01 12:55:17.560233
IQ-12228,productivity,,145.0,44.4,hours,0,0,2025-09-19 03:33:33.925498
IQ-12236,productivity,,999999.0,424465.1,hours,0,0,2020-05-19 11:26:52.575596
IQ-12238,productivity,,360.1,198.7,hours,0,0,2022-08-17 13:30:46.885889
IQ-12241,productivity,,96.6,86.3,hours,1,0,2026-01-18 01:33:26.000186
IQ-12245,productivity,,71.5,67.1,hours,0,0,2025-07-23 11:28:34.506591
IQ-12259,productivity,,36.2,33.4,hours,0,0,2026-02-12 03:08:42.945530
IQ-12267,productivity,,92.9,89.2,hours,1,0,2024-01-04 04:38:48.119968
IQ-12271,productivity,,370.8,233.1,hours,1,0,2022-08-25 10:28:54.484918
IQ-12274,productivity,,221.3,198.5,hours,0,0,2026-07-07 22:35:02.496272
IQ-12279,productivity,,27.8,23.0,hours,1,0,2024-11-05 07:24:06.460850
IQ-12280,productivity,,118.5,119.2,hours,0,0,2025-12-30 12:03:36.776371
IQ-12283,productivity,,29.5,19.0,hours,1,0,2024-12-11 21:41:33.169791
IQ-12287,productivity,,577.4,535.2,hours,0,1,2022-01-22 04:00:23.808894
IQ-12289,productivity,,300.6,244.2,hours,0,0,2024-12-01 21:41:28.471961
IQ-12308,productivity,,92.2,93.2,hours,1,0,2022-12-04 00:48:18.689309
IQ-12314,productivity,,185.9,178.8,hours,0,0,2021-12-26 12:19:57.016123
IQ-12320,productivity,,102.8,65.5,hours,0,0,2021-03-11 13:49:38.291750
IQ-12337,productivity,,8.5,8.8,hours,1,0,2025-09-18 09:46:13.872644
IQ-12339,productivity,,23.6,27.3,hours,0,0,2022-07-29 12:37:16.621192
IQ-12345,productivity,,295.4,224.0,hours,1,0,2021-08-25 14:37:29.233325
IQ-12348,productivity,,593.5,569.5,hours,0,0,2022-11-08 18:55:16.953836
IQ-12354,productivity,,15.3,12.7,hours,1,0,2019-12-25 01:59:25.373804
IQ-12378,productivity,,805.5,692.5,hours,1,0,2020-07-31 16:34:09.056742
IQ-12384,productivity,,103.5,101.3,hours,1,0,2020-04-06 15:18:17.262468
